discipline,discipline_code
Judo,JUD
Swimming,SWM
Judo,JUD
Wheelchair Basketball,WBK
Wheelchair Basketball,WBK
Sitting Volleyball,VBS
Wheelchair Basketball,WBK
Powerlifting,PWL
Powerlifting,PWL
Judo,JUD
Sitting Volleyball,VBS
Athletics,ATH
Powerlifting,PWL
Swimming,SWM
Wheelchair Basketball,WBK
Canoe Sprint,CSP
Judo,JUD
Athletics,ATH
Powerlifting,PWL
Wheelchair Fencing,WFE
Taekwondo,TKW
Athletics,ATH
Athletics,ATH
Cycling Road,CRD
Taekwondo,TKW
Sitting Volleyball,VBS
Sitting Volleyball,VBS
Athletics,ATH
Cycling Road,CRD
Cycling Track,CTR
Swimming,SWM
Athletics,ATH
Table Tennis,TTE
Powerlifting,PWL
Taekwondo,TKW
Wheelchair Basketball,WBK
Football 5-a-side,FB5
Powerlifting,PWL
Swimming,SWM
Triathlon,TRI
Athletics,ATH
Football 5-a-side,FB5
Athletics,ATH
Athletics,ATH
Swimming,SWM
Athletics,ATH
Cycling Road,CRD
Equestrian,EQU
Athletics,ATH
Powerlifting,PWL
Canoe Sprint,CSP
Athletics,ATH
Boccia,BOC
Athletics,ATH
Cycling Road,CRD
Athletics,ATH
Athletics,ATH
Swimming,SWM
Athletics,ATH
Athletics,ATH
Football 5-a-side,FB5
Athletics,ATH
Table Tennis,TTE
Table Tennis,TTE
Cycling Road,CRD
Cycling Track,CTR
Wheelchair Basketball,WBK
Goalball,GBL
Powerlifting,PWL
Powerlifting,PWL
Archery,ARC
Swimming,SWM
Football 5-a-side,FB5
Football 5-a-side,FB5
Athletics,ATH
Athletics,ATH
Athletics,ATH
Wheelchair Basketball,WBK
Sitting Volleyball,VBS
Shooting,SHO
Table Tennis,TTE
Athletics,ATH
Taekwondo,TKW
Athletics,ATH
Wheelchair Basketball,WBK
Wheelchair Fencing,WFE
Wheelchair Basketball,WBK
Archery,ARC
Athletics,ATH
Swimming,SWM
Canoe Sprint,CSP
Athletics,ATH
Powerlifting,PWL
Football 5-a-side,FB5
Shooting,SHO
Shooting,SHO
Cycling Road,CRD
Sitting Volleyball,VBS
Wheelchair Basketball,WBK
Rowing,ROW
Swimming,SWM
Swimming,SWM
Powerlifting,PWL
Wheelchair Tennis,WTE
Powerlifting,PWL
Table Tennis,TTE
Wheelchair Basketball,WBK
Cycling Road,CRD
Wheelchair Basketball,WBK
Athletics,ATH
Powerlifting,PWL
Athletics,ATH
Powerlifting,PWL
Powerlifting,PWL
Wheelchair Fencing,WFE
Athletics,ATH
Powerlifting,PWL
Sitting Volleyball,VBS
Sitting Volleyball,VBS
Judo,JUD
Athletics,ATH
Table Tennis,TTE
Archery,ARC
Athletics,ATH
Sitting Volleyball,VBS
Athletics,ATH
Athletics,ATH
Athletics,ATH
Powerlifting,PWL
Goalball,GBL
Athletics,ATH
Athletics,ATH
Cycling Track,CTR
Boccia,BOC
Cycling Road,CRD
Wheelchair Fencing,WFE
Powerlifting,PWL
Cycling Road,CRD
Shooting,SHO
Athletics,ATH
Shooting,SHO
Swimming,SWM
Athletics,ATH
Table Tennis,TTE
Athletics,ATH
Shooting,SHO
Wheelchair Fencing,WFE
Athletics,ATH
Swimming,SWM
Wheelchair Basketball,WBK
Athletics,ATH
Athletics,ATH
Athletics,ATH
Athletics,ATH
Archery,ARC
Athletics,ATH
Table Tennis,TTE
Goalball,GBL
Goalball,GBL
Football 5-a-side,FB5
Archery,ARC
Wheelchair Basketball,WBK
Athletics,ATH
Powerlifting,PWL
Athletics,ATH
Athletics,ATH
Judo,JUD
Table Tennis,TTE
Athletics,ATH
Sitting Volleyball,VBS
Athletics,ATH
Wheelchair Basketball,WBK
Athletics,ATH
Goalball,GBL
Swimming,SWM
Swimming,SWM
Goalball,GBL
Athletics,ATH
Triathlon,TRI
Athletics,ATH
Wheelchair Basketball,WBK
Archery,ARC
Table Tennis,TTE
Boccia,BOC
Table Tennis,TTE
Swimming,SWM
Athletics,ATH
Canoe Sprint,CSP
Boccia,BOC
Athletics,ATH
Archery,ARC
Athletics,ATH
Athletics,ATH
Athletics,ATH
Wheelchair Tennis,WTE
Powerlifting,PWL
Cycling Road,CRD
Powerlifting,PWL
Cycling Road,CRD
Wheelchair Rugby,WRU
Goalball,GBL
Athletics,ATH
Swimming,SWM
Boccia,BOC
Wheelchair Basketball,WBK
Wheelchair Tennis,WTE
Sitting Volleyball,VBS
Judo,JUD
Judo,JUD
Athletics,ATH
Sitting Volleyball,VBS
Judo,JUD
Athletics,ATH
Powerlifting,PWL
Athletics,ATH
Goalball,GBL
Football 5-a-side,FB5
Sitting Volleyball,VBS
Athletics,ATH
Rowing,ROW
Table Tennis,TTE
Rowing,ROW
Athletics,ATH
Athletics,ATH
Archery,ARC
Swimming,SWM
Wheelchair Basketball,WBK
Taekwondo,TKW
Athletics,ATH
Table Tennis,TTE
Table Tennis,TTE
Archery,ARC
Badminton,BDM
Wheelchair Basketball,WBK
Swimming,SWM
Athletics,ATH
Powerlifting,PWL
Swimming,SWM
Cycling Track,CTR
Athletics,ATH
Table Tennis,TTE
Athletics,ATH
Cycling Road,CRD
Cycling Track,CTR
Taekwondo,TKW
Archery,ARC
Canoe Sprint,CSP
Athletics,ATH
Athletics,ATH
Athletics,ATH
Powerlifting,PWL
Shooting,SHO
Athletics,ATH
Athletics,ATH
Archery,ARC
Swimming,SWM
Wheelchair Basketball,WBK
Swimming,SWM
Athletics,ATH
Judo,JUD
Wheelchair Tennis,WTE
Athletics,ATH
Wheelchair Basketball,WBK
Athletics,ATH
Wheelchair Basketball,WBK
Swimming,SWM
Goalball,GBL
Rowing,ROW
Canoe Sprint,CSP
Taekwondo,TKW
Athletics,ATH
Athletics,ATH
Sitting Volleyball,VBS
Powerlifting,PWL
Shooting,SHO
Shooting,SHO
Powerlifting,PWL
Cycling Road,CRD
Wheelchair Basketball,WBK
Powerlifting,PWL
Wheelchair Basketball,WBK
Table Tennis,TTE
Swimming,SWM
Wheelchair Basketball,WBK
Badminton,BDM
Wheelchair Basketball,WBK
Athletics,ATH
Shooting,SHO
Judo,JUD
Sitting Volleyball,VBS
Wheelchair Tennis,WTE
Shooting,SHO
Athletics,ATH
Table Tennis,TTE
Athletics,ATH
Athletics,ATH
Triathlon,TRI
Equestrian,EQU
Table Tennis,TTE
Powerlifting,PWL
Boccia,BOC
Athletics,ATH
Athletics,ATH
Goalball,GBL
Cycling Track,CTR
Athletics,ATH
Table Tennis,TTE
Athletics,ATH
Swimming,SWM
Shooting,SHO
Cycling Road,CRD
Cycling Track,CTR
Athletics,ATH
Football 5-a-side,FB5
Football 5-a-side,FB5
Athletics,ATH
Athletics,ATH
Archery,ARC
Triathlon,TRI
Canoe Sprint,CSP
Athletics,ATH
Rowing,ROW
Powerlifting,PWL
Shooting,SHO
Judo,JUD
Athletics,ATH
Sitting Volleyball,VBS
Swimming,SWM
Table Tennis,TTE
Wheelchair Tennis,WTE
Swimming,SWM
Athletics,ATH
Athletics,ATH
Athletics,ATH
Swimming,SWM
Wheelchair Tennis,WTE
Athletics,ATH
Football 5-a-side,FB5
Wheelchair Rugby,WRU
Equestrian,EQU
Shooting,SHO
Swimming,SWM
Athletics,ATH
Judo,JUD
Swimming,SWM
Cycling Road,CRD
Cycling Track,CTR
Athletics,ATH
Wheelchair Rugby,WRU
Sitting Volleyball,VBS
Canoe Sprint,CSP
Wheelchair Basketball,WBK
Table Tennis,TTE
Table Tennis,TTE
Athletics,ATH
Athletics,ATH
Sitting Volleyball,VBS
Cycling Road,CRD
Cycling Track,CTR
Cycling Road,CRD
Cycling Track,CTR
Swimming,SWM
Swimming,SWM
Swimming,SWM
Athletics,ATH
Canoe Sprint,CSP
Wheelchair Basketball,WBK
Athletics,ATH
Shooting,SHO
Swimming,SWM
Swimming,SWM
Wheelchair Basketball,WBK
Athletics,ATH
Goalball,GBL
Swimming,SWM
Wheelchair Basketball,WBK
Wheelchair Basketball,WBK
Sitting Volleyball,VBS
Cycling Road,CRD
Cycling Track,CTR
Goalball,GBL
Athletics,ATH
Athletics,ATH
Athletics,ATH
Athletics,ATH
Canoe Sprint,CSP
Rowing,ROW
Archery,ARC
Swimming,SWM
Rowing,ROW
Wheelchair Basketball,WBK
Athletics,ATH
Powerlifting,PWL
Goalball,GBL
Canoe Sprint,CSP
Wheelchair Tennis,WTE
Cycling Road,CRD
Cycling Track,CTR
Swimming,SWM
Shooting,SHO
Athletics,ATH
Wheelchair Basketball,WBK
Athletics,ATH
Powerlifting,PWL
Football 5-a-side,FB5
Swimming,SWM
Athletics,ATH
Wheelchair Tennis,WTE
Rowing,ROW
Swimming,SWM
Athletics,ATH
Table Tennis,TTE
Athletics,ATH
Swimming,SWM
Wheelchair Basketball,WBK
Athletics,ATH
Wheelchair Basketball,WBK
Cycling Road,CRD
Swimming,SWM
Badminton,BDM
Swimming,SWM
Wheelchair Fencing,WFE
Powerlifting,PWL
Triathlon,TRI
Shooting,SHO
Powerlifting,PWL
Taekwondo,TKW
Badminton,BDM
Athletics,ATH
Athletics,ATH
Wheelchair Rugby,WRU
Athletics,ATH
Archery,ARC
Athletics,ATH
Athletics,ATH
Wheelchair Fencing,WFE
Swimming,SWM
Sitting Volleyball,VBS
Swimming,SWM
Athletics,ATH
Wheelchair Basketball,WBK
Sitting Volleyball,VBS
Canoe Sprint,CSP
Athletics,ATH
Athletics,ATH
Swimming,SWM
Athletics,ATH
Rowing,ROW
Swimming,SWM
Boccia,BOC
Athletics,ATH
Wheelchair Basketball,WBK
Judo,JUD
Table Tennis,TTE
Athletics,ATH
Swimming,SWM
Shooting,SHO
Goalball,GBL
Judo,JUD
Swimming,SWM
Wheelchair Basketball,WBK
Athletics,ATH
Swimming,SWM
Athletics,ATH
Athletics,ATH
Goalball,GBL
Judo,JUD
Swimming,SWM
Table Tennis,TTE
Swimming,SWM
Rowing,ROW
Wheelchair Basketball,WBK
Swimming,SWM
Judo,JUD
Athletics,ATH
Archery,ARC
Wheelchair Rugby,WRU
Swimming,SWM
Swimming,SWM
Football 5-a-side,FB5
Equestrian,EQU
Table Tennis,TTE
Athletics,ATH
Athletics,ATH
Table Tennis,TTE
Swimming,SWM
Swimming,SWM
Judo,JUD
Athletics,ATH
Wheelchair Tennis,WTE
Rowing,ROW
Sitting Volleyball,VBS
Shooting,SHO
Taekwondo,TKW
Athletics,ATH
Wheelchair Basketball,WBK
Athletics,ATH
Athletics,ATH
Rowing,ROW
Football 5-a-side,FB5
Athletics,ATH
Wheelchair Tennis,WTE
Athletics,ATH
Athletics,ATH
Rowing,ROW
Canoe Sprint,CSP
Athletics,ATH
Powerlifting,PWL
Triathlon,TRI
Athletics,ATH
Goalball,GBL
Athletics,ATH
Table Tennis,TTE
Wheelchair Basketball,WBK
Athletics,ATH
Swimming,SWM
Swimming,SWM
Wheelchair Fencing,WFE
Swimming,SWM
Taekwondo,TKW
Cycling Road,CRD
Athletics,ATH
Swimming,SWM
Rowing,ROW
Table Tennis,TTE
Archery,ARC
Athletics,ATH
Swimming,SWM
Goalball,GBL
Athletics,ATH
Boccia,BOC
Judo,JUD
Wheelchair Basketball,WBK
Wheelchair Fencing,WFE
Wheelchair Basketball,WBK
Athletics,ATH
Goalball,GBL
Sitting Volleyball,VBS
Rowing,ROW
Powerlifting,PWL
Athletics,ATH
Cycling Road,CRD
Cycling Track,CTR
Athletics,ATH
Triathlon,TRI
Wheelchair Basketball,WBK
Triathlon,TRI
Athletics,ATH
Table Tennis,TTE
Equestrian,EQU
Swimming,SWM
Swimming,SWM
Table Tennis,TTE
Triathlon,TRI
Judo,JUD
Judo,JUD
Swimming,SWM
Triathlon,TRI
Football 5-a-side,FB5
Wheelchair Tennis,WTE
Triathlon,TRI
Table Tennis,TTE
Athletics,ATH
Athletics,ATH
Shooting,SHO
Goalball,GBL
Athletics,ATH
Athletics,ATH
Athletics,ATH
Wheelchair Tennis,WTE
Athletics,ATH
Athletics,ATH
Rowing,ROW
Goalball,GBL
Athletics,ATH
Athletics,ATH
Athletics,ATH
Wheelchair Rugby,WRU
Swimming,SWM
Wheelchair Rugby,WRU
Athletics,ATH
Rowing,ROW
Athletics,ATH
Athletics,ATH
Triathlon,TRI
Wheelchair Basketball,WBK
Cycling Road,CRD
Cycling Track,CTR
Swimming,SWM
Athletics,ATH
Wheelchair Tennis,WTE
Goalball,GBL
Swimming,SWM
Athletics,ATH
Wheelchair Tennis,WTE
Wheelchair Rugby,WRU
Table Tennis,TTE
Athletics,ATH
Powerlifting,PWL
Swimming,SWM
Athletics,ATH
Athletics,ATH
Powerlifting,PWL
Athletics,ATH
Rowing,ROW
Sitting Volleyball,VBS
Swimming,SWM
Archery,ARC
Archery,ARC
Athletics,ATH
Swimming,SWM
Football 5-a-side,FB5
Athletics,ATH
Table Tennis,TTE
Goalball,GBL
Athletics,ATH
Shooting,SHO
Table Tennis,TTE
Athletics,ATH
Canoe Sprint,CSP
Taekwondo,TKW
Judo,JUD
Powerlifting,PWL
Swimming,SWM
Wheelchair Tennis,WTE
Powerlifting,PWL
Wheelchair Basketball,WBK
Athletics,ATH
Boccia,BOC
Wheelchair Tennis,WTE
Triathlon,TRI
Athletics,ATH
Powerlifting,PWL
Canoe Sprint,CSP
Athletics,ATH
Athletics,ATH
Powerlifting,PWL
Swimming,SWM
Wheelchair Fencing,WFE
Athletics,ATH
Athletics,ATH
Triathlon,TRI
Wheelchair Tennis,WTE
Swimming,SWM
Wheelchair Tennis,WTE
Judo,JUD
Athletics,ATH
Taekwondo,TKW
Wheelchair Tennis,WTE
Sitting Volleyball,VBS
Cycling Road,CRD
Cycling Road,CRD
Taekwondo,TKW
Goalball,GBL
Judo,JUD
Boccia,BOC
Athletics,ATH
Athletics,ATH
Athletics,ATH
Judo,JUD
Shooting,SHO
Shooting,SHO
Powerlifting,PWL
Table Tennis,TTE
Boccia,BOC
Shooting,SHO
Boccia,BOC
Archery,ARC
Table Tennis,TTE
Athletics,ATH
Swimming,SWM
Wheelchair Rugby,WRU
Cycling Road,CRD
Cycling Track,CTR
Badminton,BDM
Swimming,SWM
Athletics,ATH
Swimming,SWM
Table Tennis,TTE
Athletics,ATH
Table Tennis,TTE
Powerlifting,PWL
Athletics,ATH
Wheelchair Fencing,WFE
Athletics,ATH
Badminton,BDM
Athletics,ATH
Table Tennis,TTE
Athletics,ATH
Table Tennis,TTE
Athletics,ATH
Table Tennis,TTE
Goalball,GBL
Athletics,ATH
Cycling Road,CRD
Swimming,SWM
Goalball,GBL
Sitting Volleyball,VBS
Wheelchair Basketball,WBK
Archery,ARC
Wheelchair Basketball,WBK
Wheelchair Basketball,WBK
Badminton,BDM
Swimming,SWM
Table Tennis,TTE
Athletics,ATH
Swimming,SWM
Cycling Track,CTR
Shooting,SHO
Athletics,ATH
Judo,JUD
Swimming,SWM
Athletics,ATH
Boccia,BOC
Athletics,ATH
Judo,JUD
Canoe Sprint,CSP
Wheelchair Basketball,WBK
Swimming,SWM
Judo,JUD
Powerlifting,PWL
Archery,ARC
Boccia,BOC
Table Tennis,TTE
Wheelchair Basketball,WBK
Wheelchair Basketball,WBK
Swimming,SWM
Cycling Road,CRD
Badminton,BDM
Goalball,GBL
Table Tennis,TTE
Table Tennis,TTE
Swimming,SWM
Powerlifting,PWL
Wheelchair Fencing,WFE
Archery,ARC
Sitting Volleyball,VBS
Athletics,ATH
Athletics,ATH
Rowing,ROW
Badminton,BDM
Athletics,ATH
Athletics,ATH
Judo,JUD
Wheelchair Fencing,WFE
Athletics,ATH
Boccia,BOC
Athletics,ATH
Athletics,ATH
Sitting Volleyball,VBS
Archery,ARC
Athletics,ATH
Swimming,SWM
Equestrian,EQU
Boccia,BOC
Athletics,ATH
Athletics,ATH
Athletics,ATH
Swimming,SWM
Athletics,ATH
Swimming,SWM
Archery,ARC
Swimming,SWM
Shooting,SHO
Athletics,ATH
Athletics,ATH
Wheelchair Rugby,WRU
Table Tennis,TTE
Athletics,ATH
Wheelchair Rugby,WRU
Swimming,SWM
Wheelchair Fencing,WFE
Cycling Road,CRD
Athletics,ATH
Athletics,ATH
Athletics,ATH
Sitting Volleyball,VBS
Athletics,ATH
Wheelchair Basketball,WBK
Athletics,ATH
Goalball,GBL
Cycling Road,CRD
Badminton,BDM
Triathlon,TRI
Table Tennis,TTE
Athletics,ATH
Swimming,SWM
Triathlon,TRI
Cycling Road,CRD
Wheelchair Rugby,WRU
Swimming,SWM
Athletics,ATH
Athletics,ATH
Athletics,ATH
Athletics,ATH
Archery,ARC
Shooting,SHO
Table Tennis,TTE
Boccia,BOC
Judo,JUD
Athletics,ATH
Athletics,ATH
Cycling Road,CRD
Boccia,BOC
Wheelchair Tennis,WTE
Table Tennis,TTE
Athletics,ATH
Athletics,ATH
Rowing,ROW
Wheelchair Fencing,WFE
Wheelchair Rugby,WRU
Athletics,ATH
Cycling Track,CTR
Table Tennis,TTE
Swimming,SWM
Judo,JUD
Swimming,SWM
Boccia,BOC
Swimming,SWM
Sitting Volleyball,VBS
Wheelchair Basketball,WBK
Wheelchair Basketball,WBK
Athletics,ATH
Cycling Road,CRD
Swimming,SWM
Swimming,SWM
Boccia,BOC
Table Tennis,TTE
Triathlon,TRI
Athletics,ATH
Table Tennis,TTE
Powerlifting,PWL
Wheelchair Rugby,WRU
Cycling Track,CTR
Swimming,SWM
Archery,ARC
Boccia,BOC
Swimming,SWM
Triathlon,TRI
Swimming,SWM
Goalball,GBL
Table Tennis,TTE
Football 5-a-side,FB5
Sitting Volleyball,VBS
Football 5-a-side,FB5
Athletics,ATH
Athletics,ATH
Judo,JUD
Athletics,ATH
Sitting Volleyball,VBS
Goalball,GBL
Boccia,BOC
Powerlifting,PWL
Athletics,ATH
Swimming,SWM
Rowing,ROW
Athletics,ATH
Rowing,ROW
Sitting Volleyball,VBS
Swimming,SWM
Table Tennis,TTE
Sitting Volleyball,VBS
Swimming,SWM
Football 5-a-side,FB5
Swimming,SWM
Swimming,SWM
Athletics,ATH
Wheelchair Rugby,WRU
Athletics,ATH
Table Tennis,TTE
Wheelchair Basketball,WBK
Athletics,ATH
Shooting,SHO
Swimming,SWM
Wheelchair Basketball,WBK
Athletics,ATH
Cycling Track,CTR
Cycling Road,CRD
Archery,ARC
Wheelchair Basketball,WBK
Powerlifting,PWL
Wheelchair Fencing,WFE
Rowing,ROW
Triathlon,TRI
Swimming,SWM
Athletics,ATH
Athletics,ATH
Triathlon,TRI
Athletics,ATH
Athletics,ATH
Wheelchair Fencing,WFE
Powerlifting,PWL
Judo,JUD
Shooting,SHO
Wheelchair Tennis,WTE
Athletics,ATH
Equestrian,EQU
Judo,JUD
Cycling Road,CRD
Powerlifting,PWL
Athletics,ATH
Athletics,ATH
Athletics,ATH
Archery,ARC
Sitting Volleyball,VBS
Swimming,SWM
Archery,ARC
Swimming,SWM
Boccia,BOC
Wheelchair Tennis,WTE
Athletics,ATH
Athletics,ATH
Athletics,ATH
Rowing,ROW
Table Tennis,TTE
Athletics,ATH
Shooting,SHO
Wheelchair Tennis,WTE
Athletics,ATH
Equestrian,EQU
Powerlifting,PWL
Sitting Volleyball,VBS
Cycling Road,CRD
Goalball,GBL
Athletics,ATH
Boccia,BOC
Sitting Volleyball,VBS
Athletics,ATH
Boccia,BOC
Boccia,BOC
Table Tennis,TTE
Sitting Volleyball,VBS
Canoe Sprint,CSP
Equestrian,EQU
Wheelchair Basketball,WBK
Athletics,ATH
Athletics,ATH
Athletics,ATH
Sitting Volleyball,VBS
Athletics,ATH
Cycling Road,CRD
Cycling Road,CRD
Athletics,ATH
Swimming,SWM
Athletics,ATH
Shooting,SHO
Powerlifting,PWL
Athletics,ATH
Wheelchair Rugby,WRU
Sitting Volleyball,VBS
Football 5-a-side,FB5
Cycling Road,CRD
Cycling Track,CTR
Swimming,SWM
Athletics,ATH
Archery,ARC
Wheelchair Fencing,WFE
Cycling Road,CRD
Cycling Track,CTR
Table Tennis,TTE
Athletics,ATH
Athletics,ATH
Wheelchair Basketball,WBK
Athletics,ATH
Powerlifting,PWL
Goalball,GBL
Goalball,GBL
Swimming,SWM
Shooting,SHO
Table Tennis,TTE
Archery,ARC
Athletics,ATH
Athletics,ATH
Athletics,ATH
Sitting Volleyball,VBS
Cycling Road,CRD
Table Tennis,TTE
Equestrian,EQU
Athletics,ATH
Athletics,ATH
Table Tennis,TTE
Athletics,ATH
Wheelchair Tennis,WTE
Badminton,BDM
Athletics,ATH
Table Tennis,TTE
Football 5-a-side,FB5
Wheelchair Basketball,WBK
Wheelchair Tennis,WTE
Rowing,ROW
Athletics,ATH
Athletics,ATH
Wheelchair Basketball,WBK
Canoe Sprint,CSP
Swimming,SWM
Table Tennis,TTE
Goalball,GBL
Athletics,ATH
Athletics,ATH
Powerlifting,PWL
Athletics,ATH
Powerlifting,PWL
Sitting Volleyball,VBS
Sitting Volleyball,VBS
Athletics,ATH
Swimming,SWM
Athletics,ATH
Swimming,SWM
Boccia,BOC
Athletics,ATH
Triathlon,TRI
Athletics,ATH
Sitting Volleyball,VBS
Swimming,SWM
Athletics,ATH
Wheelchair Basketball,WBK
Athletics,ATH
Equestrian,EQU
Sitting Volleyball,VBS
Boccia,BOC
Wheelchair Fencing,WFE
Rowing,ROW
Taekwondo,TKW
Shooting,SHO
Athletics,ATH
Cycling Road,CRD
Cycling Track,CTR
Cycling Road,CRD
Athletics,ATH
Athletics,ATH
Shooting,SHO
Athletics,ATH
Swimming,SWM
Swimming,SWM
Swimming,SWM
Boccia,BOC
Athletics,ATH
Boccia,BOC
Taekwondo,TKW
Sitting Volleyball,VBS
Swimming,SWM
Swimming,SWM
Archery,ARC
Powerlifting,PWL
Badminton,BDM
Wheelchair Basketball,WBK
Cycling Road,CRD
Equestrian,EQU
Table Tennis,TTE
Wheelchair Fencing,WFE
Athletics,ATH
Cycling Road,CRD
Athletics,ATH
Goalball,GBL
Swimming,SWM
Swimming,SWM
Wheelchair Rugby,WRU
Cycling Road,CRD
Cycling Track,CTR
Athletics,ATH
Powerlifting,PWL
Table Tennis,TTE
Athletics,ATH
Cycling Road,CRD
Cycling Track,CTR
Wheelchair Tennis,WTE
Swimming,SWM
Canoe Sprint,CSP
Wheelchair Basketball,WBK
Sitting Volleyball,VBS
Athletics,ATH
Athletics,ATH
Athletics,ATH
Swimming,SWM
Wheelchair Tennis,WTE
Goalball,GBL
Swimming,SWM
Athletics,ATH
Archery,ARC
Athletics,ATH
Shooting,SHO
Wheelchair Basketball,WBK
Table Tennis,TTE
Archery,ARC
Athletics,ATH
Athletics,ATH
Wheelchair Rugby,WRU
Swimming,SWM
Boccia,BOC
Wheelchair Basketball,WBK
Wheelchair Basketball,WBK
Swimming,SWM
Wheelchair Tennis,WTE
Swimming,SWM
Cycling Road,CRD
Wheelchair Basketball,WBK
Goalball,GBL
Wheelchair Basketball,WBK
Powerlifting,PWL
Athletics,ATH
Athletics,ATH
Powerlifting,PWL
Football 5-a-side,FB5
Athletics,ATH
Athletics,ATH
Athletics,ATH
Cycling Road,CRD
Badminton,BDM
Powerlifting,PWL
Table Tennis,TTE
Goalball,GBL
Sitting Volleyball,VBS
Cycling Road,CRD
Cycling Track,CTR
Swimming,SWM
Taekwondo,TKW
Sitting Volleyball,VBS
Triathlon,TRI
Athletics,ATH
Wheelchair Rugby,WRU
Athletics,ATH
Triathlon,TRI
Football 5-a-side,FB5
Wheelchair Tennis,WTE
Swimming,SWM
Powerlifting,PWL
Sitting Volleyball,VBS
Taekwondo,TKW
Taekwondo,TKW
Swimming,SWM
Swimming,SWM
Table Tennis,TTE
Judo,JUD
Athletics,ATH
Swimming,SWM
Athletics,ATH
Swimming,SWM
Athletics,ATH
Powerlifting,PWL
Athletics,ATH
Athletics,ATH
Swimming,SWM
Shooting,SHO
Sitting Volleyball,VBS
Wheelchair Rugby,WRU
Swimming,SWM
Swimming,SWM
Boccia,BOC
Wheelchair Basketball,WBK
Cycling Road,CRD
Football 5-a-side,FB5
Taekwondo,TKW
Judo,JUD
Taekwondo,TKW
Athletics,ATH
Athletics,ATH
Equestrian,EQU
Athletics,ATH
Wheelchair Fencing,WFE
Swimming,SWM
Wheelchair Rugby,WRU
Goalball,GBL
Archery,ARC
Wheelchair Tennis,WTE
Table Tennis,TTE
Cycling Road,CRD
Cycling Track,CTR
Cycling Track,CTR
Shooting,SHO
Wheelchair Tennis,WTE
Athletics,ATH
Table Tennis,TTE
Swimming,SWM
Athletics,ATH
Badminton,BDM
Cycling Road,CRD
Swimming,SWM
Athletics,ATH
Table Tennis,TTE
Shooting,SHO
Shooting,SHO
Cycling Road,CRD
Taekwondo,TKW
Athletics,ATH
Wheelchair Rugby,WRU
Athletics,ATH
Judo,JUD
Judo,JUD
Wheelchair Fencing,WFE
Swimming,SWM
Athletics,ATH
Rowing,ROW
Swimming,SWM
Canoe Sprint,CSP
Athletics,ATH
Shooting,SHO
Table Tennis,TTE
Wheelchair Fencing,WFE
Swimming,SWM
Athletics,ATH
Sitting Volleyball,VBS
Athletics,ATH
Athletics,ATH
Athletics,ATH
Boccia,BOC
Athletics,ATH
Wheelchair Tennis,WTE
Swimming,SWM
Table Tennis,TTE
Athletics,ATH
Athletics,ATH
Judo,JUD
Table Tennis,TTE
Boccia,BOC
Swimming,SWM
Goalball,GBL
Athletics,ATH
Triathlon,TRI
Goalball,GBL
Athletics,ATH
Athletics,ATH
Shooting,SHO
Swimming,SWM
Wheelchair Fencing,WFE
Swimming,SWM
Athletics,ATH
Athletics,ATH
Canoe Sprint,CSP
Swimming,SWM
Athletics,ATH
Athletics,ATH
Wheelchair Basketball,WBK
Athletics,ATH
Swimming,SWM
Wheelchair Tennis,WTE
Sitting Volleyball,VBS
Athletics,ATH
Boccia,BOC
Table Tennis,TTE
Wheelchair Basketball,WBK
Rowing,ROW
Shooting,SHO
Athletics,ATH
Athletics,ATH
Athletics,ATH
Athletics,ATH
Triathlon,TRI
Equestrian,EQU
Archery,ARC
Athletics,ATH
Sitting Volleyball,VBS
Cycling Road,CRD
Cycling Track,CTR
Wheelchair Basketball,WBK
Rowing,ROW
Table Tennis,TTE
Powerlifting,PWL
Triathlon,TRI
Shooting,SHO
Athletics,ATH
Athletics,ATH
Triathlon,TRI
Athletics,ATH
Wheelchair Rugby,WRU
Wheelchair Rugby,WRU
Rowing,ROW
Badminton,BDM
Wheelchair Basketball,WBK
Athletics,ATH
Cycling Road,CRD
Sitting Volleyball,VBS
Wheelchair Basketball,WBK
Triathlon,TRI
Wheelchair Basketball,WBK
Athletics,ATH
Rowing,ROW
Boccia,BOC
Athletics,ATH
Cycling Road,CRD
Athletics,ATH
Swimming,SWM
Powerlifting,PWL
Athletics,ATH
Wheelchair Basketball,WBK
Rowing,ROW
Badminton,BDM
Wheelchair Basketball,WBK
Sitting Volleyball,VBS
Cycling Road,CRD
Cycling Track,CTR
Athletics,ATH
Boccia,BOC
Wheelchair Basketball,WBK
Badminton,BDM
Wheelchair Basketball,WBK
Cycling Road,CRD
Cycling Track,CTR
Wheelchair Fencing,WFE
Judo,JUD
Swimming,SWM
Shooting,SHO
Table Tennis,TTE
Boccia,BOC
Wheelchair Basketball,WBK
Athletics,ATH
Swimming,SWM
Triathlon,TRI
Athletics,ATH
Goalball,GBL
Rowing,ROW
Swimming,SWM
Equestrian,EQU
Judo,JUD
Athletics,ATH
Athletics,ATH
Athletics,ATH
Shooting,SHO
Swimming,SWM
Athletics,ATH
Shooting,SHO
Judo,JUD
Taekwondo,TKW
Taekwondo,TKW
Athletics,ATH
Archery,ARC
Sitting Volleyball,VBS
Sitting Volleyball,VBS
Swimming,SWM
Swimming,SWM
Wheelchair Basketball,WBK
Athletics,ATH
Taekwondo,TKW
Cycling Road,CRD
Wheelchair Basketball,WBK
Athletics,ATH
Triathlon,TRI
Powerlifting,PWL
Swimming,SWM
Table Tennis,TTE
Swimming,SWM
Swimming,SWM
Powerlifting,PWL
Cycling Road,CRD
Cycling Track,CTR
Table Tennis,TTE
Cycling Road,CRD
Swimming,SWM
Athletics,ATH
Judo,JUD
Athletics,ATH
Archery,ARC
Athletics,ATH
Archery,ARC
Cycling Road,CRD
Judo,JUD
Judo,JUD
Athletics,ATH
Swimming,SWM
Athletics,ATH
Wheelchair Fencing,WFE
Shooting,SHO
Athletics,ATH
Athletics,ATH
Equestrian,EQU
Athletics,ATH
Athletics,ATH
Athletics,ATH
Equestrian,EQU
Wheelchair Tennis,WTE
Goalball,GBL
Wheelchair Tennis,WTE
Rowing,ROW
Equestrian,EQU
Athletics,ATH
Wheelchair Basketball,WBK
Table Tennis,TTE
Athletics,ATH
Powerlifting,PWL
Football 5-a-side,FB5
Swimming,SWM
Wheelchair Basketball,WBK
Cycling Road,CRD
Wheelchair Tennis,WTE
Athletics,ATH
Swimming,SWM
Wheelchair Fencing,WFE
Cycling Road,CRD
Cycling Track,CTR
Wheelchair Basketball,WBK
Swimming,SWM
Athletics,ATH
Athletics,ATH
Wheelchair Fencing,WFE
Swimming,SWM
Athletics,ATH
Taekwondo,TKW
Swimming,SWM
Athletics,ATH
Swimming,SWM
Table Tennis,TTE
Swimming,SWM
Athletics,ATH
Table Tennis,TTE
Sitting Volleyball,VBS
Goalball,GBL
Sitting Volleyball,VBS
Triathlon,TRI
Archery,ARC
Sitting Volleyball,VBS
Swimming,SWM
Athletics,ATH
Goalball,GBL
Rowing,ROW
Swimming,SWM
Cycling Road,CRD
Cycling Track,CTR
Athletics,ATH
Athletics,ATH
Cycling Road,CRD
Cycling Track,CTR
Boccia,BOC
Football 5-a-side,FB5
Football 5-a-side,FB5
Athletics,ATH
Swimming,SWM
Athletics,ATH
Wheelchair Basketball,WBK
Sitting Volleyball,VBS
Shooting,SHO
Swimming,SWM
Table Tennis,TTE
Athletics,ATH
Wheelchair Basketball,WBK
Judo,JUD
Swimming,SWM
Athletics,ATH
Athletics,ATH
Rowing,ROW
Judo,JUD
Athletics,ATH
Athletics,ATH
Swimming,SWM
Cycling Road,CRD
Cycling Track,CTR
Athletics,ATH
Rowing,ROW
Athletics,ATH
Badminton,BDM
Athletics,ATH
Taekwondo,TKW
Athletics,ATH
Swimming,SWM
Athletics,ATH
Cycling Road,CRD
Cycling Road,CRD
Cycling Track,CTR
Wheelchair Rugby,WRU
Wheelchair Basketball,WBK
Swimming,SWM
Athletics,ATH
Cycling Road,CRD
Athletics,ATH
Table Tennis,TTE
Cycling Road,CRD
Cycling Track,CTR
Wheelchair Rugby,WRU
Wheelchair Basketball,WBK
Swimming,SWM
Triathlon,TRI
Athletics,ATH
Swimming,SWM
Athletics,ATH
Wheelchair Rugby,WRU
Cycling Road,CRD
Cycling Track,CTR
Boccia,BOC
Swimming,SWM
Cycling Road,CRD
Athletics,ATH
Cycling Road,CRD
Cycling Track,CTR
Canoe Sprint,CSP
Cycling Track,CTR
Wheelchair Basketball,WBK
Cycling Road,CRD
Table Tennis,TTE
Wheelchair Fencing,WFE
Table Tennis,TTE
Powerlifting,PWL
Table Tennis,TTE
Wheelchair Basketball,WBK
Athletics,ATH
Wheelchair Basketball,WBK
Powerlifting,PWL
Athletics,ATH
Athletics,ATH
Athletics,ATH
Swimming,SWM
Sitting Volleyball,VBS
Wheelchair Fencing,WFE
Athletics,ATH
Athletics,ATH
Wheelchair Basketball,WBK
Goalball,GBL
Wheelchair Basketball,WBK
Wheelchair Basketball,WBK
Goalball,GBL
Wheelchair Basketball,WBK
Swimming,SWM
Powerlifting,PWL
Table Tennis,TTE
Wheelchair Basketball,WBK
Taekwondo,TKW
Badminton,BDM
Shooting,SHO
Athletics,ATH
Shooting,SHO
Powerlifting,PWL
Swimming,SWM
Swimming,SWM
Football 5-a-side,FB5
Boccia,BOC
Athletics,ATH
Swimming,SWM
Athletics,ATH
Athletics,ATH
Football 5-a-side,FB5
Sitting Volleyball,VBS
Cycling Road,CRD
Athletics,ATH
Shooting,SHO
Wheelchair Rugby,WRU
Wheelchair Basketball,WBK
Goalball,GBL
Athletics,ATH
Wheelchair Basketball,WBK
Judo,JUD
Wheelchair Fencing,WFE
Taekwondo,TKW
Swimming,SWM
Swimming,SWM
Athletics,ATH
Athletics,ATH
Swimming,SWM
Rowing,ROW
Wheelchair Basketball,WBK
Wheelchair Basketball,WBK
Table Tennis,TTE
Wheelchair Basketball,WBK
Swimming,SWM
Athletics,ATH
Table Tennis,TTE
Athletics,ATH
Triathlon,TRI
Goalball,GBL
Athletics,ATH
Sitting Volleyball,VBS
Swimming,SWM
Athletics,ATH
Judo,JUD
Triathlon,TRI
Rowing,ROW
Athletics,ATH
Goalball,GBL
Athletics,ATH
Wheelchair Fencing,WFE
Judo,JUD
Wheelchair Rugby,WRU
Canoe Sprint,CSP
Equestrian,EQU
Equestrian,EQU
Swimming,SWM
Badminton,BDM
Wheelchair Rugby,WRU
Wheelchair Rugby,WRU
Powerlifting,PWL
Athletics,ATH
Sitting Volleyball,VBS
Shooting,SHO
Triathlon,TRI
Football 5-a-side,FB5
Athletics,ATH
Wheelchair Basketball,WBK
Rowing,ROW
Canoe Sprint,CSP
Swimming,SWM
Wheelchair Fencing,WFE
Rowing,ROW
Athletics,ATH
Archery,ARC
Wheelchair Fencing,WFE
Boccia,BOC
Wheelchair Basketball,WBK
Athletics,ATH
Athletics,ATH
Athletics,ATH
Archery,ARC
Wheelchair Basketball,WBK
Athletics,ATH
Athletics,ATH
Wheelchair Rugby,WRU
Canoe Sprint,CSP
Athletics,ATH
Swimming,SWM
Canoe Sprint,CSP
Athletics,ATH
Football 5-a-side,FB5
Swimming,SWM
Swimming,SWM
Athletics,ATH
Powerlifting,PWL
Swimming,SWM
Wheelchair Basketball,WBK
Swimming,SWM
Swimming,SWM
Powerlifting,PWL
Athletics,ATH
Swimming,SWM
Athletics,ATH
Wheelchair Tennis,WTE
Wheelchair Rugby,WRU
Swimming,SWM
Cycling Road,CRD
Cycling Track,CTR
Sitting Volleyball,VBS
Athletics,ATH
Wheelchair Basketball,WBK
Athletics,ATH
Athletics,ATH
Cycling Road,CRD
Athletics,ATH
Swimming,SWM
Cycling Road,CRD
Shooting,SHO
,SWM
Football 5-a-side,FB5
Athletics,ATH
Taekwondo,TKW
Wheelchair Basketball,WBK
Boccia,BOC
Wheelchair Basketball,WBK
Judo,JUD
Judo,JUD
Judo,JUD
Boccia,BOC
Wheelchair Rugby,WRU
Table Tennis,TTE
Wheelchair Rugby,WRU
Boccia,BOC
Athletics,ATH
Swimming,SWM
Athletics,ATH
Judo,JUD
Goalball,GBL
Cycling Road,CRD
Cycling Track,CTR
Badminton,BDM
Wheelchair Basketball,WBK
Sitting Volleyball,VBS
Athletics,ATH
Badminton,BDM
Archery,ARC
Swimming,SWM
Athletics,ATH
Rowing,ROW
Cycling Road,CRD
Athletics,ATH
Rowing,ROW
Goalball,GBL
Wheelchair Rugby,WRU
Equestrian,EQU
Sitting Volleyball,VBS
Wheelchair Tennis,WTE
Athletics,ATH
Athletics,ATH
Swimming,SWM
Wheelchair Rugby,WRU
Swimming,SWM
Athletics,ATH
Powerlifting,PWL
Wheelchair Fencing,WFE
Sitting Volleyball,VBS
Goalball,GBL
Powerlifting,PWL
Athletics,ATH
Swimming,SWM
Boccia,BOC
Wheelchair Tennis,WTE
Wheelchair Tennis,WTE
Table Tennis,TTE
Wheelchair Basketball,WBK
Shooting,SHO
Athletics,ATH
Wheelchair Basketball,WBK
Swimming,SWM
Athletics,ATH
Swimming,SWM
Goalball,GBL
Athletics,ATH
Wheelchair Basketball,WBK
Table Tennis,TTE
Athletics,ATH
Powerlifting,PWL
Judo,JUD
Judo,JUD
Wheelchair Basketball,WBK
Cycling Road,CRD
Judo,JUD
Athletics,ATH
Athletics,ATH
Athletics,ATH
Athletics,ATH
Wheelchair Basketball,WBK
Judo,JUD
Boccia,BOC
Shooting,SHO
Athletics,ATH
Powerlifting,PWL
Rowing,ROW
Athletics,ATH
Sitting Volleyball,VBS
Triathlon,TRI
Rowing,ROW
Wheelchair Rugby,WRU
Wheelchair Rugby,WRU
Athletics,ATH
Athletics,ATH
Swimming,SWM
Swimming,SWM
Wheelchair Tennis,WTE
Canoe Sprint,CSP
Badminton,BDM
Wheelchair Rugby,WRU
Cycling Track,CTR
Athletics,ATH
Equestrian,EQU
Swimming,SWM
Athletics,ATH
Powerlifting,PWL
Swimming,SWM
Table Tennis,TTE
Shooting,SHO
Swimming,SWM
Taekwondo,TKW
Taekwondo,TKW
Swimming,SWM
Athletics,ATH
Athletics,ATH
Swimming,SWM
Athletics,ATH
Taekwondo,TKW
Swimming,SWM
Athletics,ATH
Powerlifting,PWL
Table Tennis,TTE
Badminton,BDM
Athletics,ATH
Swimming,SWM
Archery,ARC
Athletics,ATH
Sitting Volleyball,VBS
Judo,JUD
Table Tennis,TTE
Wheelchair Basketball,WBK
Athletics,ATH
Athletics,ATH
Swimming,SWM
Swimming,SWM
Athletics,ATH
Athletics,ATH
Wheelchair Rugby,WRU
Athletics,ATH
Table Tennis,TTE
Athletics,ATH
Athletics,ATH
Swimming,SWM
Powerlifting,PWL
Canoe Sprint,CSP
Cycling Road,CRD
Powerlifting,PWL
Athletics,ATH
Table Tennis,TTE
Table Tennis,TTE
Badminton,BDM
Athletics,ATH
Wheelchair Basketball,WBK
Cycling Road,CRD
Cycling Track,CTR
Athletics,ATH
Wheelchair Fencing,WFE
Cycling Road,CRD
Cycling Track,CTR
Cycling Road,CRD
Cycling Road,CRD
Cycling Track,CTR
Wheelchair Rugby,WRU
Wheelchair Tennis,WTE
Equestrian,EQU
Swimming,SWM
Wheelchair Basketball,WBK
Badminton,BDM
Shooting,SHO
Athletics,ATH
Powerlifting,PWL
Rowing,ROW
Athletics,ATH
Athletics,ATH
Athletics,ATH
Athletics,ATH
Shooting,SHO
Cycling Road,CRD
Wheelchair Basketball,WBK
Athletics,ATH
Swimming,SWM
Canoe Sprint,CSP
Wheelchair Fencing,WFE
Athletics,ATH
Boccia,BOC
Boccia,BOC
Athletics,ATH
Swimming,SWM
Rowing,ROW
Sitting Volleyball,VBS
Athletics,ATH
Wheelchair Tennis,WTE
Swimming,SWM
Sitting Volleyball,VBS
Athletics,ATH
Rowing,ROW
Swimming,SWM
Athletics,ATH
Athletics,ATH
Powerlifting,PWL
Swimming,SWM
Archery,ARC
Wheelchair Rugby,WRU
Athletics,ATH
Shooting,SHO
Athletics,ATH
Equestrian,EQU
Shooting,SHO
Shooting,SHO
Cycling Road,CRD
Athletics,ATH
Powerlifting,PWL
Goalball,GBL
Shooting,SHO
Swimming,SWM
Athletics,ATH
Taekwondo,TKW
Table Tennis,TTE
Athletics,ATH
Equestrian,EQU
Shooting,SHO
Cycling Road,CRD
Taekwondo,TKW
Table Tennis,TTE
Athletics,ATH
Shooting,SHO
Table Tennis,TTE
Canoe Sprint,CSP
Table Tennis,TTE
Archery,ARC
Shooting,SHO
Cycling Road,CRD
Boccia,BOC
Table Tennis,TTE
Athletics,ATH
Badminton,BDM
Sitting Volleyball,VBS
Archery,ARC
Athletics,ATH
Swimming,SWM
Swimming,SWM
Swimming,SWM
Wheelchair Tennis,WTE
Athletics,ATH
Canoe Sprint,CSP
Badminton,BDM
Goalball,GBL
Athletics,ATH
Judo,JUD
Judo,JUD
Table Tennis,TTE
Swimming,SWM
Cycling Road,CRD
Wheelchair Basketball,WBK
Wheelchair Fencing,WFE
Athletics,ATH
Badminton,BDM
Wheelchair Tennis,WTE
Football 5-a-side,FB5
Table Tennis,TTE
Athletics,ATH
Goalball,GBL
Badminton,BDM
Swimming,SWM
Athletics,ATH
Wheelchair Fencing,WFE
Table Tennis,TTE
Goalball,GBL
Athletics,ATH
Swimming,SWM
Goalball,GBL
Table Tennis,TTE
Goalball,GBL
Swimming,SWM
Athletics,ATH
Sitting Volleyball,VBS
Athletics,ATH
Athletics,ATH
Athletics,ATH
Athletics,ATH
Swimming,SWM
Judo,JUD
Powerlifting,PWL
Equestrian,EQU
Table Tennis,TTE
Athletics,ATH
Judo,JUD
Swimming,SWM
Powerlifting,PWL
Athletics,ATH
Football 5-a-side,FB5
Athletics,ATH
Athletics,ATH
Table Tennis,TTE
Sitting Volleyball,VBS
Table Tennis,TTE
Powerlifting,PWL
Swimming,SWM
Table Tennis,TTE
Athletics,ATH
Wheelchair Basketball,WBK
Boccia,BOC
Cycling Road,CRD
Cycling Track,CTR
Football 5-a-side,FB5
Goalball,GBL
Powerlifting,PWL
Athletics,ATH
Swimming,SWM
Swimming,SWM
Swimming,SWM
Athletics,ATH
Cycling Road,CRD
Cycling Track,CTR
Table Tennis,TTE
Swimming,SWM
Triathlon,TRI
Rowing,ROW
Archery,ARC
Athletics,ATH
Athletics,ATH
Equestrian,EQU
Swimming,SWM
Swimming,SWM
Athletics,ATH
Powerlifting,PWL
Swimming,SWM
Taekwondo,TKW
Judo,JUD
Badminton,BDM
Powerlifting,PWL
Athletics,ATH
Wheelchair Tennis,WTE
Powerlifting,PWL
Powerlifting,PWL
Wheelchair Basketball,WBK
Judo,JUD
Athletics,ATH
Wheelchair Basketball,WBK
Wheelchair Fencing,WFE
Athletics,ATH
Athletics,ATH
Wheelchair Tennis,WTE
Athletics,ATH
Athletics,ATH
Judo,JUD
Athletics,ATH
Athletics,ATH
Goalball,GBL
Athletics,ATH
Taekwondo,TKW
Taekwondo,TKW
Judo,JUD
Athletics,ATH
Canoe Sprint,CSP
Sitting Volleyball,VBS
Canoe Sprint,CSP
Table Tennis,TTE
Table Tennis,TTE
Boccia,BOC
Wheelchair Basketball,WBK
Table Tennis,TTE
Powerlifting,PWL
Badminton,BDM
Table Tennis,TTE
Table Tennis,TTE
Badminton,BDM
Wheelchair Tennis,WTE
Archery,ARC
Wheelchair Tennis,WTE
Archery,ARC
Archery,ARC
Wheelchair Basketball,WBK
Rowing,ROW
Table Tennis,TTE
Shooting,SHO
Wheelchair Basketball,WBK
Table Tennis,TTE
Shooting,SHO
Triathlon,TRI
Boccia,BOC
Swimming,SWM
Rowing,ROW
Athletics,ATH
Athletics,ATH
Swimming,SWM
Athletics,ATH
Athletics,ATH
Cycling Road,CRD
Cycling Track,CTR
Canoe Sprint,CSP
Canoe Sprint,CSP
Swimming,SWM
Athletics,ATH
Wheelchair Basketball,WBK
Wheelchair Basketball,WBK
Judo,JUD
Cycling Track,CTR
Boccia,BOC
Rowing,ROW
Rowing,ROW
Swimming,SWM
Swimming,SWM
Canoe Sprint,CSP
Table Tennis,TTE
Wheelchair Basketball,WBK
Badminton,BDM
Swimming,SWM
Wheelchair Basketball,WBK
Athletics,ATH
Cycling Road,CRD
Cycling Track,CTR
Athletics,ATH
Athletics,ATH
Athletics,ATH
Badminton,BDM
Swimming,SWM
Powerlifting,PWL
Rowing,ROW
Athletics,ATH
Athletics,ATH
Swimming,SWM
Table Tennis,TTE
Triathlon,TRI
Equestrian,EQU
Triathlon,TRI
Boccia,BOC
Swimming,SWM
Canoe Sprint,CSP
Wheelchair Rugby,WRU
Taekwondo,TKW
Athletics,ATH
Swimming,SWM
Athletics,ATH
Archery,ARC
Powerlifting,PWL
Powerlifting,PWL
Archery,ARC
Athletics,ATH
Table Tennis,TTE
Table Tennis,TTE
Judo,JUD
Athletics,ATH
Canoe Sprint,CSP
Wheelchair Basketball,WBK
Powerlifting,PWL
Shooting,SHO
Athletics,ATH
Table Tennis,TTE
Athletics,ATH
Swimming,SWM
Archery,ARC
Athletics,ATH
Athletics,ATH
Athletics,ATH
Athletics,ATH
Athletics,ATH
Athletics,ATH
Rowing,ROW
Athletics,ATH
Powerlifting,PWL
Athletics,ATH
Shooting,SHO
Wheelchair Basketball,WBK
Athletics,ATH
Powerlifting,PWL
Shooting,SHO
Canoe Sprint,CSP
Boccia,BOC
Sitting Volleyball,VBS
Athletics,ATH
Swimming,SWM
Wheelchair Fencing,WFE
Boccia,BOC
Wheelchair Basketball,WBK
Athletics,ATH
Swimming,SWM
Swimming,SWM
Equestrian,EQU
Swimming,SWM
Wheelchair Rugby,WRU
Wheelchair Tennis,WTE
Swimming,SWM
Athletics,ATH
Athletics,ATH
Sitting Volleyball,VBS
Cycling Track,CTR
Archery,ARC
Canoe Sprint,CSP
Swimming,SWM
Athletics,ATH
Canoe Sprint,CSP
Swimming,SWM
Athletics,ATH
Swimming,SWM
Athletics,ATH
Rowing,ROW
Boccia,BOC
Judo,JUD
Taekwondo,TKW
Swimming,SWM
Swimming,SWM
Swimming,SWM
Athletics,ATH
Athletics,ATH
Athletics,ATH
Athletics,ATH
Archery,ARC
Athletics,ATH
Wheelchair Tennis,WTE
Sitting Volleyball,VBS
Football 5-a-side,FB5
Wheelchair Rugby,WRU
Judo,JUD
Athletics,ATH
Athletics,ATH
Cycling Road,CRD
Boccia,BOC
Football 5-a-side,FB5
Wheelchair Fencing,WFE
Goalball,GBL
Swimming,SWM
Judo,JUD
Powerlifting,PWL
Athletics,ATH
Cycling Road,CRD
Wheelchair Fencing,WFE
Wheelchair Basketball,WBK
Sitting Volleyball,VBS
Canoe Sprint,CSP
Athletics,ATH
Athletics,ATH
Wheelchair Basketball,WBK
Table Tennis,TTE
Athletics,ATH
Cycling Road,CRD
Athletics,ATH
Swimming,SWM
Canoe Sprint,CSP
Goalball,GBL
Wheelchair Basketball,WBK
Cycling Track,CTR
Athletics,ATH
Athletics,ATH
Wheelchair Basketball,WBK
Shooting,SHO
Athletics,ATH
Wheelchair Fencing,WFE
Athletics,ATH
Table Tennis,TTE
Wheelchair Fencing,WFE
Boccia,BOC
Athletics,ATH
Taekwondo,TKW
Cycling Road,CRD
Cycling Track,CTR
Wheelchair Basketball,WBK
Wheelchair Tennis,WTE
Athletics,ATH
Powerlifting,PWL
Table Tennis,TTE
Wheelchair Tennis,WTE
Goalball,GBL
Boccia,BOC
Swimming,SWM
Sitting Volleyball,VBS
Judo,JUD
Wheelchair Basketball,WBK
Swimming,SWM
Swimming,SWM
Boccia,BOC
Judo,JUD
Rowing,ROW
Wheelchair Rugby,WRU
Sitting Volleyball,VBS
Table Tennis,TTE
Swimming,SWM
Rowing,ROW
Cycling Road,CRD
Cycling Track,CTR
Athletics,ATH
Wheelchair Rugby,WRU
Powerlifting,PWL
Badminton,BDM
Cycling Road,CRD
Cycling Track,CTR
Athletics,ATH
Athletics,ATH
Swimming,SWM
Wheelchair Tennis,WTE
Wheelchair Basketball,WBK
Wheelchair Basketball,WBK
Badminton,BDM
Cycling Road,CRD
Cycling Road,CRD
Powerlifting,PWL
Swimming,SWM
Shooting,SHO
Shooting,SHO
Athletics,ATH
Judo,JUD
Swimming,SWM
Judo,JUD
Table Tennis,TTE
Table Tennis,TTE
Badminton,BDM
Badminton,BDM
Boccia,BOC
Shooting,SHO
Powerlifting,PWL
Wheelchair Basketball,WBK
Shooting,SHO
Wheelchair Basketball,WBK
Wheelchair Rugby,WRU
Boccia,BOC
Athletics,ATH
Athletics,ATH
Wheelchair Rugby,WRU
Athletics,ATH
Wheelchair Tennis,WTE
Boccia,BOC
Table Tennis,TTE
Wheelchair Basketball,WBK
Table Tennis,TTE
Sitting Volleyball,VBS
Athletics,ATH
Shooting,SHO
Archery,ARC
Cycling Road,CRD
Cycling Track,CTR
Athletics,ATH
Triathlon,TRI
Powerlifting,PWL
Swimming,SWM
Football 5-a-side,FB5
Swimming,SWM
Archery,ARC
Table Tennis,TTE
Swimming,SWM
Archery,ARC
Athletics,ATH
Swimming,SWM
Wheelchair Basketball,WBK
Wheelchair Rugby,WRU
Swimming,SWM
Boccia,BOC
Shooting,SHO
Athletics,ATH
Triathlon,TRI
Swimming,SWM
Boccia,BOC
Boccia,BOC
Swimming,SWM
Athletics,ATH
Athletics,ATH
Swimming,SWM
Wheelchair Fencing,WFE
Archery,ARC
Swimming,SWM
Sitting Volleyball,VBS
Judo,JUD
Athletics,ATH
Shooting,SHO
Table Tennis,TTE
Archery,ARC
Athletics,ATH
Taekwondo,TKW
Cycling Road,CRD
Cycling Track,CTR
Athletics,ATH
Shooting,SHO
Table Tennis,TTE
Cycling Road,CRD
Cycling Track,CTR
Athletics,ATH
Football 5-a-side,FB5
Table Tennis,TTE
Swimming,SWM
Swimming,SWM
Swimming,SWM
Wheelchair Basketball,WBK
Table Tennis,TTE
Boccia,BOC
Powerlifting,PWL
Archery,ARC
Swimming,SWM
Wheelchair Basketball,WBK
Athletics,ATH
Shooting,SHO
Athletics,ATH
Table Tennis,TTE
Athletics,ATH
Canoe Sprint,CSP
Swimming,SWM
Athletics,ATH
Swimming,SWM
Swimming,SWM
Table Tennis,TTE
Archery,ARC
Powerlifting,PWL
Athletics,ATH
Football 5-a-side,FB5
Rowing,ROW
Boccia,BOC
Athletics,ATH
Athletics,ATH
Swimming,SWM
Badminton,BDM
Shooting,SHO
Wheelchair Basketball,WBK
Swimming,SWM
Cycling Road,CRD
Cycling Track,CTR
Swimming,SWM
Swimming,SWM
Cycling Road,CRD
Cycling Track,CTR
Wheelchair Basketball,WBK
Football 5-a-side,FB5
Swimming,SWM
Swimming,SWM
Athletics,ATH
Cycling Road,CRD
Cycling Track,CTR
Table Tennis,TTE
Swimming,SWM
Badminton,BDM
Wheelchair Basketball,WBK
Shooting,SHO
Athletics,ATH
Sitting Volleyball,VBS
Wheelchair Basketball,WBK
Athletics,ATH
Swimming,SWM
Table Tennis,TTE
Equestrian,EQU
Swimming,SWM
Athletics,ATH
Table Tennis,TTE
Athletics,ATH
Archery,ARC
Swimming,SWM
Table Tennis,TTE
Swimming,SWM
Athletics,ATH
Athletics,ATH
Wheelchair Tennis,WTE
Athletics,ATH
Wheelchair Rugby,WRU
Taekwondo,TKW
Table Tennis,TTE
Table Tennis,TTE
Athletics,ATH
Wheelchair Basketball,WBK
Sitting Volleyball,VBS
Badminton,BDM
Swimming,SWM
Table Tennis,TTE
Swimming,SWM
Athletics,ATH
Boccia,BOC
Sitting Volleyball,VBS
Archery,ARC
Wheelchair Basketball,WBK
Wheelchair Rugby,WRU
Rowing,ROW
Athletics,ATH
Athletics,ATH
Athletics,ATH
Athletics,ATH
Goalball,GBL
Athletics,ATH
Powerlifting,PWL
Table Tennis,TTE
Powerlifting,PWL
Judo,JUD
Goalball,GBL
Table Tennis,TTE
Badminton,BDM
Swimming,SWM
Swimming,SWM
Wheelchair Fencing,WFE
Athletics,ATH
Rowing,ROW
Table Tennis,TTE
Cycling Road,CRD
Swimming,SWM
Athletics,ATH
Swimming,SWM
Swimming,SWM
Wheelchair Fencing,WFE
Athletics,ATH
Athletics,ATH
Rowing,ROW
Judo,JUD
Shooting,SHO
Athletics,ATH
Goalball,GBL
Equestrian,EQU
Athletics,ATH
Swimming,SWM
Swimming,SWM
Shooting,SHO
Cycling Road,CRD
Athletics,ATH
Powerlifting,PWL
Taekwondo,TKW
Canoe Sprint,CSP
Wheelchair Fencing,WFE
Athletics,ATH
Sitting Volleyball,VBS
Wheelchair Fencing,WFE
Athletics,ATH
Wheelchair Basketball,WBK
Archery,ARC
Athletics,ATH
Wheelchair Basketball,WBK
Athletics,ATH
Badminton,BDM
Table Tennis,TTE
Goalball,GBL
Swimming,SWM
Athletics,ATH
Powerlifting,PWL
Cycling Road,CRD
Archery,ARC
Swimming,SWM
Taekwondo,TKW
Athletics,ATH
Archery,ARC
Athletics,ATH
Swimming,SWM
Swimming,SWM
Swimming,SWM
Powerlifting,PWL
Athletics,ATH
Athletics,ATH
Wheelchair Tennis,WTE
Powerlifting,PWL
Swimming,SWM
Table Tennis,TTE
Goalball,GBL
Swimming,SWM
Judo,JUD
Canoe Sprint,CSP
Equestrian,EQU
Football 5-a-side,FB5
Wheelchair Basketball,WBK
Goalball,GBL
Athletics,ATH
Swimming,SWM
Judo,JUD
Table Tennis,TTE
Swimming,SWM
Wheelchair Tennis,WTE
Taekwondo,TKW
Athletics,ATH
Athletics,ATH
Swimming,SWM
Athletics,ATH
Cycling Road,CRD
Canoe Sprint,CSP
Swimming,SWM
Triathlon,TRI
Cycling Road,CRD
Cycling Track,CTR
Cycling Road,CRD
Cycling Track,CTR
Judo,JUD
Athletics,ATH
Goalball,GBL
Athletics,ATH
Sitting Volleyball,VBS
Cycling Road,CRD
Athletics,ATH
Swimming,SWM
Triathlon,TRI
Swimming,SWM
Archery,ARC
Wheelchair Tennis,WTE
Badminton,BDM
Table Tennis,TTE
Athletics,ATH
Cycling Road,CRD
Cycling Track,CTR
Swimming,SWM
Athletics,ATH
Wheelchair Fencing,WFE
Athletics,ATH
Judo,JUD
Sitting Volleyball,VBS
Table Tennis,TTE
Athletics,ATH
Triathlon,TRI
Wheelchair Rugby,WRU
Wheelchair Fencing,WFE
Wheelchair Basketball,WBK
Athletics,ATH
Athletics,ATH
Canoe Sprint,CSP
Athletics,ATH
Goalball,GBL
Athletics,ATH
Badminton,BDM
Cycling Road,CRD
Athletics,ATH
Triathlon,TRI
Athletics,ATH
Swimming,SWM
Swimming,SWM
Boccia,BOC
Boccia,BOC
Athletics,ATH
Swimming,SWM
Athletics,ATH
Cycling Track,CTR
Canoe Sprint,CSP
Athletics,ATH
Boccia,BOC
Athletics,ATH
Table Tennis,TTE
Athletics,ATH
Wheelchair Basketball,WBK
Wheelchair Basketball,WBK
Swimming,SWM
Cycling Road,CRD
Goalball,GBL
Swimming,SWM
Wheelchair Tennis,WTE
Powerlifting,PWL
Taekwondo,TKW
Sitting Volleyball,VBS
Athletics,ATH
Sitting Volleyball,VBS
Archery,ARC
Wheelchair Basketball,WBK
Athletics,ATH
Wheelchair Basketball,WBK
Sitting Volleyball,VBS
Sitting Volleyball,VBS
Badminton,BDM
Swimming,SWM
Athletics,ATH
Wheelchair Basketball,WBK
Archery,ARC
Swimming,SWM
Swimming,SWM
Wheelchair Rugby,WRU
Wheelchair Basketball,WBK
Swimming,SWM
Swimming,SWM
Athletics,ATH
Athletics,ATH
Football 5-a-side,FB5
Athletics,ATH
Athletics,ATH
Swimming,SWM
Athletics,ATH
Athletics,ATH
Wheelchair Tennis,WTE
Athletics,ATH
Athletics,ATH
Swimming,SWM
Cycling Road,CRD
Goalball,GBL
Table Tennis,TTE
Athletics,ATH
Wheelchair Basketball,WBK
Athletics,ATH
Athletics,ATH
Cycling Road,CRD
Cycling Track,CTR
Shooting,SHO
Boccia,BOC
Wheelchair Fencing,WFE
Athletics,ATH
Athletics,ATH
Badminton,BDM
Taekwondo,TKW
Swimming,SWM
Boccia,BOC
Swimming,SWM
Athletics,ATH
Athletics,ATH
Swimming,SWM
Football 5-a-side,FB5
Table Tennis,TTE
Archery,ARC
Wheelchair Tennis,WTE
Table Tennis,TTE
Taekwondo,TKW
Sitting Volleyball,VBS
Powerlifting,PWL
Sitting Volleyball,VBS
Goalball,GBL
Wheelchair Basketball,WBK
Rowing,ROW
Athletics,ATH
Wheelchair Basketball,WBK
Swimming,SWM
Archery,ARC
Athletics,ATH
Swimming,SWM
Sitting Volleyball,VBS
Table Tennis,TTE
Equestrian,EQU
Rowing,ROW
Swimming,SWM
Canoe Sprint,CSP
Athletics,ATH
Swimming,SWM
Wheelchair Fencing,WFE
Equestrian,EQU
Athletics,ATH
Powerlifting,PWL
Equestrian,EQU
Goalball,GBL
Wheelchair Basketball,WBK
Archery,ARC
Swimming,SWM
Goalball,GBL
Shooting,SHO
Shooting,SHO
Cycling Road,CRD
Cycling Track,CTR
Athletics,ATH
Athletics,ATH
Wheelchair Fencing,WFE
Athletics,ATH
Athletics,ATH
Athletics,ATH
Athletics,ATH
Powerlifting,PWL
Wheelchair Basketball,WBK
Cycling Road,CRD
Cycling Track,CTR
Athletics,ATH
Cycling Road,CRD
Cycling Track,CTR
Powerlifting,PWL
Athletics,ATH
Athletics,ATH
Taekwondo,TKW
Archery,ARC
Swimming,SWM
Table Tennis,TTE
Wheelchair Rugby,WRU
Athletics,ATH
Badminton,BDM
Athletics,ATH
Cycling Road,CRD
Cycling Track,CTR
Wheelchair Basketball,WBK
Swimming,SWM
Wheelchair Tennis,WTE
Goalball,GBL
Wheelchair Basketball,WBK
Shooting,SHO
Table Tennis,TTE
Wheelchair Basketball,WBK
Athletics,ATH
Boccia,BOC
Triathlon,TRI
Table Tennis,TTE
Wheelchair Tennis,WTE
Cycling Road,CRD
Wheelchair Fencing,WFE
Swimming,SWM
Cycling Road,CRD
Cycling Track,CTR
Goalball,GBL
Wheelchair Tennis,WTE
Equestrian,EQU
Athletics,ATH
Badminton,BDM
Wheelchair Fencing,WFE
Swimming,SWM
Wheelchair Tennis,WTE
Swimming,SWM
Wheelchair Rugby,WRU
Powerlifting,PWL
Cycling Road,CRD
Rowing,ROW
Athletics,ATH
Cycling Road,CRD
Canoe Sprint,CSP
Swimming,SWM
Athletics,ATH
Athletics,ATH
Athletics,ATH
Boccia,BOC
Cycling Road,CRD
Athletics,ATH
Canoe Sprint,CSP
Wheelchair Basketball,WBK
Sitting Volleyball,VBS
Powerlifting,PWL
Swimming,SWM
Badminton,BDM
Athletics,ATH
Canoe Sprint,CSP
Athletics,ATH
Sitting Volleyball,VBS
Athletics,ATH
Sitting Volleyball,VBS
Swimming,SWM
Athletics,ATH
Football 5-a-side,FB5
Sitting Volleyball,VBS
Swimming,SWM
Swimming,SWM
Cycling Road,CRD
Cycling Track,CTR
Athletics,ATH
Athletics,ATH
Rowing,ROW
Football 5-a-side,FB5
Taekwondo,TKW
Wheelchair Basketball,WBK
Wheelchair Rugby,WRU
Athletics,ATH
Powerlifting,PWL
Powerlifting,PWL
Badminton,BDM
Sitting Volleyball,VBS
Cycling Road,CRD
Cycling Track,CTR
Equestrian,EQU
Cycling Road,CRD
Cycling Track,CTR
Swimming,SWM
Athletics,ATH
Athletics,ATH
Archery,ARC
Rowing,ROW
Judo,JUD
Sitting Volleyball,VBS
Wheelchair Basketball,WBK
Athletics,ATH
Table Tennis,TTE
Shooting,SHO
Athletics,ATH
Athletics,ATH
Athletics,ATH
Table Tennis,TTE
Athletics,ATH
Wheelchair Fencing,WFE
Judo,JUD
Archery,ARC
Badminton,BDM
Badminton,BDM
Athletics,ATH
Taekwondo,TKW
Powerlifting,PWL
Athletics,ATH
Athletics,ATH
Swimming,SWM
Wheelchair Rugby,WRU
Boccia,BOC
Swimming,SWM
Athletics,ATH
Sitting Volleyball,VBS
Shooting,SHO
Table Tennis,TTE
Wheelchair Fencing,WFE
Table Tennis,TTE
Athletics,ATH
Archery,ARC
Judo,JUD
Wheelchair Rugby,WRU
Rowing,ROW
Swimming,SWM
Shooting,SHO
Athletics,ATH
Sitting Volleyball,VBS
Athletics,ATH
Wheelchair Fencing,WFE
Wheelchair Basketball,WBK
Athletics,ATH
Athletics,ATH
Athletics,ATH
Judo,JUD
Athletics,ATH
Table Tennis,TTE
Athletics,ATH
Athletics,ATH
Athletics,ATH
Wheelchair Basketball,WBK
Swimming,SWM
Canoe Sprint,CSP
Sitting Volleyball,VBS
Archery,ARC
Athletics,ATH
Athletics,ATH
Archery,ARC
Wheelchair Rugby,WRU
Swimming,SWM
Powerlifting,PWL
Wheelchair Fencing,WFE
Table Tennis,TTE
Archery,ARC
Powerlifting,PWL
Shooting,SHO
Athletics,ATH
Swimming,SWM
Football 5-a-side,FB5
Cycling Road,CRD
Cycling Track,CTR
Athletics,ATH
Boccia,BOC
Athletics,ATH
Equestrian,EQU
Swimming,SWM
Athletics,ATH
Swimming,SWM
Canoe Sprint,CSP
Athletics,ATH
Swimming,SWM
Athletics,ATH
Judo,JUD
Table Tennis,TTE
Sitting Volleyball,VBS
Athletics,ATH
Swimming,SWM
Sitting Volleyball,VBS
Athletics,ATH
Rowing,ROW
Athletics,ATH
Athletics,ATH
Wheelchair Fencing,WFE
Shooting,SHO
Badminton,BDM
Athletics,ATH
Athletics,ATH
Swimming,SWM
Rowing,ROW
Athletics,ATH
Athletics,ATH
Shooting,SHO
Cycling Track,CTR
Rowing,ROW
Swimming,SWM
Wheelchair Rugby,WRU
Triathlon,TRI
Athletics,ATH
Shooting,SHO
Wheelchair Basketball,WBK
Athletics,ATH
Athletics,ATH
Judo,JUD
Shooting,SHO
Cycling Road,CRD
Cycling Track,CTR
Athletics,ATH
Swimming,SWM
Table Tennis,TTE
Boccia,BOC
Wheelchair Fencing,WFE
Athletics,ATH
Athletics,ATH
Wheelchair Basketball,WBK
Athletics,ATH
Athletics,ATH
Judo,JUD
Sitting Volleyball,VBS
Sitting Volleyball,VBS
Sitting Volleyball,VBS
Sitting Volleyball,VBS
Table Tennis,TTE
Athletics,ATH
Powerlifting,PWL
Cycling Road,CRD
Cycling Track,CTR
Cycling Road,CRD
Cycling Track,CTR
Athletics,ATH
Wheelchair Basketball,WBK
Athletics,ATH
Swimming,SWM
Table Tennis,TTE
Sitting Volleyball,VBS
Wheelchair Rugby,WRU
Judo,JUD
Swimming,SWM
Swimming,SWM
Table Tennis,TTE
Badminton,BDM
Shooting,SHO
Wheelchair Basketball,WBK
Wheelchair Tennis,WTE
Athletics,ATH
Goalball,GBL
Wheelchair Tennis,WTE
Athletics,ATH
Archery,ARC
Sitting Volleyball,VBS
Powerlifting,PWL
Archery,ARC
Powerlifting,PWL
Athletics,ATH
Canoe Sprint,CSP
Athletics,ATH
Triathlon,TRI
Powerlifting,PWL
Goalball,GBL
Athletics,ATH
Boccia,BOC
Wheelchair Fencing,WFE
Athletics,ATH
Athletics,ATH
Canoe Sprint,CSP
Athletics,ATH
Wheelchair Tennis,WTE
Archery,ARC
Table Tennis,TTE
Powerlifting,PWL
Powerlifting,PWL
Taekwondo,TKW
Powerlifting,PWL
Athletics,ATH
Wheelchair Fencing,WFE
Swimming,SWM
Wheelchair Basketball,WBK
Swimming,SWM
Wheelchair Basketball,WBK
Athletics,ATH
Cycling Road,CRD
Athletics,ATH
Athletics,ATH
Cycling Road,CRD
Table Tennis,TTE
Athletics,ATH
Wheelchair Basketball,WBK
Wheelchair Basketball,WBK
Athletics,ATH
Athletics,ATH
Sitting Volleyball,VBS
Athletics,ATH
Athletics,ATH
Powerlifting,PWL
Triathlon,TRI
Athletics,ATH
Cycling Road,CRD
Cycling Track,CTR
Athletics,ATH
Swimming,SWM
Wheelchair Basketball,WBK
Wheelchair Fencing,WFE
Taekwondo,TKW
Swimming,SWM
Wheelchair Basketball,WBK
Athletics,ATH
Athletics,ATH
Judo,JUD
Judo,JUD
Wheelchair Basketball,WBK
Athletics,ATH
Athletics,ATH
Athletics,ATH
Athletics,ATH
Archery,ARC
Wheelchair Rugby,WRU
Archery,ARC
Shooting,SHO
Table Tennis,TTE
Table Tennis,TTE
Swimming,SWM
Athletics,ATH
Football 5-a-side,FB5
Athletics,ATH
Athletics,ATH
Athletics,ATH
Wheelchair Rugby,WRU
Swimming,SWM
Athletics,ATH
Athletics,ATH
Swimming,SWM
Swimming,SWM
Swimming,SWM
Swimming,SWM
Table Tennis,TTE
Athletics,ATH
Wheelchair Basketball,WBK
Powerlifting,PWL
Table Tennis,TTE
Table Tennis,TTE
Powerlifting,PWL
Athletics,ATH
Swimming,SWM
Swimming,SWM
Sitting Volleyball,VBS
Football 5-a-side,FB5
Sitting Volleyball,VBS
Athletics,ATH
Swimming,SWM
Athletics,ATH
Cycling Road,CRD
Cycling Track,CTR
Shooting,SHO
Athletics,ATH
Athletics,ATH
Athletics,ATH
Table Tennis,TTE
Table Tennis,TTE
Table Tennis,TTE
Shooting,SHO
Triathlon,TRI
Badminton,BDM
Swimming,SWM
Athletics,ATH
Table Tennis,TTE
Judo,JUD
Swimming,SWM
Wheelchair Fencing,WFE
Table Tennis,TTE
Table Tennis,TTE
Archery,ARC
Cycling Road,CRD
Cycling Track,CTR
Archery,ARC
Archery,ARC
Swimming,SWM
Swimming,SWM
Wheelchair Basketball,WBK
Athletics,ATH
Athletics,ATH
Athletics,ATH
Athletics,ATH
Triathlon,TRI
Athletics,ATH
Archery,ARC
Goalball,GBL
Swimming,SWM
Athletics,ATH
Wheelchair Basketball,WBK
Swimming,SWM
Goalball,GBL
Athletics,ATH
Swimming,SWM
Equestrian,EQU
Triathlon,TRI
Cycling Road,CRD
Triathlon,TRI
Sitting Volleyball,VBS
Taekwondo,TKW
Shooting,SHO
Wheelchair Tennis,WTE
Athletics,ATH
Table Tennis,TTE
Swimming,SWM
Table Tennis,TTE
Swimming,SWM
Archery,ARC
Athletics,ATH
Wheelchair Fencing,WFE
Table Tennis,TTE
Swimming,SWM
Swimming,SWM
Cycling Road,CRD
Cycling Track,CTR
Judo,JUD
Swimming,SWM
Athletics,ATH
Swimming,SWM
Archery,ARC
Sitting Volleyball,VBS
Athletics,ATH
Table Tennis,TTE
Sitting Volleyball,VBS
Triathlon,TRI
Football 5-a-side,FB5
Powerlifting,PWL
Boccia,BOC
Swimming,SWM
Table Tennis,TTE
Wheelchair Basketball,WBK
Athletics,ATH
Athletics,ATH
Athletics,ATH
Judo,JUD
Wheelchair Basketball,WBK
Table Tennis,TTE
Swimming,SWM
Table Tennis,TTE
Table Tennis,TTE
Sitting Volleyball,VBS
Judo,JUD
Athletics,ATH
Athletics,ATH
Swimming,SWM
Shooting,SHO
Boccia,BOC
Wheelchair Fencing,WFE
Sitting Volleyball,VBS
Wheelchair Rugby,WRU
Athletics,ATH
Judo,JUD
Swimming,SWM
Cycling Road,CRD
Cycling Track,CTR
Rowing,ROW
Archery,ARC
Cycling Road,CRD
Table Tennis,TTE
Football 5-a-side,FB5
Football 5-a-side,FB5
Archery,ARC
Canoe Sprint,CSP
Wheelchair Rugby,WRU
Judo,JUD
Athletics,ATH
Boccia,BOC
Taekwondo,TKW
Athletics,ATH
Swimming,SWM
Swimming,SWM
Athletics,ATH
Swimming,SWM
Athletics,ATH
Athletics,ATH
Rowing,ROW
Cycling Road,CRD
Cycling Track,CTR
Rowing,ROW
Cycling Road,CRD
Shooting,SHO
Athletics,ATH
Athletics,ATH
Athletics,ATH
Athletics,ATH
Rowing,ROW
Shooting,SHO
Shooting,SHO
Athletics,ATH
Cycling Road,CRD
Triathlon,TRI
Sitting Volleyball,VBS
Triathlon,TRI
Athletics,ATH
Swimming,SWM
Swimming,SWM
Wheelchair Fencing,WFE
Powerlifting,PWL
Taekwondo,TKW
Swimming,SWM
Archery,ARC
Cycling Track,CTR
Equestrian,EQU
Rowing,ROW
Rowing,ROW
Swimming,SWM
Archery,ARC
Cycling Road,CRD
Boccia,BOC
Athletics,ATH
Wheelchair Tennis,WTE
Swimming,SWM
Athletics,ATH
Badminton,BDM
Swimming,SWM
Swimming,SWM
Cycling Road,CRD
Athletics,ATH
Swimming,SWM
Judo,JUD
Canoe Sprint,CSP
Athletics,ATH
Swimming,SWM
Badminton,BDM
Powerlifting,PWL
Taekwondo,TKW
Judo,JUD
Sitting Volleyball,VBS
Judo,JUD
Swimming,SWM
Athletics,ATH
Wheelchair Fencing,WFE
Athletics,ATH
Athletics,ATH
Athletics,ATH
Athletics,ATH
Rowing,ROW
Swimming,SWM
Athletics,ATH
Athletics,ATH
Athletics,ATH
Table Tennis,TTE
Wheelchair Basketball,WBK
Equestrian,EQU
Table Tennis,TTE
Powerlifting,PWL
Equestrian,EQU
Wheelchair Rugby,WRU
Cycling Road,CRD
Cycling Track,CTR
Athletics,ATH
Canoe Sprint,CSP
Cycling Road,CRD
Cycling Track,CTR
Swimming,SWM
Table Tennis,TTE
Athletics,ATH
Athletics,ATH
Table Tennis,TTE
Cycling Road,CRD
Cycling Track,CTR
Boccia,BOC
Powerlifting,PWL
Powerlifting,PWL
Cycling Road,CRD
Cycling Track,CTR
Athletics,ATH
Sitting Volleyball,VBS
Athletics,ATH
Badminton,BDM
Archery,ARC
Swimming,SWM
Shooting,SHO
Cycling Road,CRD
Swimming,SWM
Athletics,ATH
Athletics,ATH
Table Tennis,TTE
Athletics,ATH
Archery,ARC
Judo,JUD
Shooting,SHO
Swimming,SWM
Powerlifting,PWL
Athletics,ATH
Rowing,ROW
Athletics,ATH
Swimming,SWM
Athletics,ATH
Athletics,ATH
Sitting Volleyball,VBS
Swimming,SWM
Judo,JUD
Boccia,BOC
Football 5-a-side,FB5
Athletics,ATH
Athletics,ATH
Athletics,ATH
Athletics,ATH
Wheelchair Tennis,WTE
Table Tennis,TTE
Table Tennis,TTE
Archery,ARC
Swimming,SWM
Powerlifting,PWL
Powerlifting,PWL
Athletics,ATH
Sitting Volleyball,VBS
Cycling Road,CRD
Swimming,SWM
Athletics,ATH
Athletics,ATH
Cycling Track,CTR
Wheelchair Tennis,WTE
Triathlon,TRI
Athletics,ATH
Rowing,ROW
Goalball,GBL
Cycling Road,CRD
Football 5-a-side,FB5
Equestrian,EQU
Athletics,ATH
Rowing,ROW
Archery,ARC
Athletics,ATH
Wheelchair Basketball,WBK
Table Tennis,TTE
Swimming,SWM
Sitting Volleyball,VBS
Swimming,SWM
Table Tennis,TTE
Canoe Sprint,CSP
Equestrian,EQU
Swimming,SWM
Shooting,SHO
Cycling Road,CRD
Goalball,GBL
Athletics,ATH
Wheelchair Tennis,WTE
Triathlon,TRI
Athletics,ATH
Archery,ARC
Athletics,ATH
Swimming,SWM
Canoe Sprint,CSP
Equestrian,EQU
Shooting,SHO
Athletics,ATH
Swimming,SWM
Athletics,ATH
Canoe Sprint,CSP
Swimming,SWM
Football 5-a-side,FB5
Athletics,ATH
Athletics,ATH
Wheelchair Rugby,WRU
Wheelchair Basketball,WBK
Swimming,SWM
Athletics,ATH
Wheelchair Basketball,WBK
Wheelchair Rugby,WRU
Swimming,SWM
Athletics,ATH
Athletics,ATH
Sitting Volleyball,VBS
Wheelchair Tennis,WTE
Sitting Volleyball,VBS
Wheelchair Rugby,WRU
Swimming,SWM
Athletics,ATH
Table Tennis,TTE
Athletics,ATH
Athletics,ATH
Cycling Road,CRD
Football 5-a-side,FB5
Rowing,ROW
Athletics,ATH
Judo,JUD
Powerlifting,PWL
Athletics,ATH
Swimming,SWM
Athletics,ATH
Triathlon,TRI
Shooting,SHO
Athletics,ATH
Athletics,ATH
Goalball,GBL
Swimming,SWM
Swimming,SWM
Athletics,ATH
Athletics,ATH
Wheelchair Rugby,WRU
Table Tennis,TTE
Athletics,ATH
Boccia,BOC
Athletics,ATH
Athletics,ATH
Wheelchair Fencing,WFE
Badminton,BDM
Badminton,BDM
Athletics,ATH
Athletics,ATH
Badminton,BDM
Table Tennis,TTE
Rowing,ROW
Table Tennis,TTE
Powerlifting,PWL
Swimming,SWM
Wheelchair Fencing,WFE
Rowing,ROW
Athletics,ATH
Swimming,SWM
Equestrian,EQU
Canoe Sprint,CSP
Athletics,ATH
Cycling Road,CRD
Cycling Track,CTR
Swimming,SWM
Archery,ARC
Athletics,ATH
Athletics,ATH
Judo,JUD
Swimming,SWM
Canoe Sprint,CSP
Athletics,ATH
Athletics,ATH
Wheelchair Basketball,WBK
Wheelchair Basketball,WBK
Triathlon,TRI
Table Tennis,TTE
Wheelchair Basketball,WBK
Archery,ARC
Swimming,SWM
Swimming,SWM
Athletics,ATH
Judo,JUD
Athletics,ATH
Shooting,SHO
Wheelchair Rugby,WRU
Wheelchair Basketball,WBK
Athletics,ATH
Athletics,ATH
Athletics,ATH
Wheelchair Basketball,WBK
Wheelchair Tennis,WTE
Shooting,SHO
Athletics,ATH
Rowing,ROW
Wheelchair Basketball,WBK
Swimming,SWM
Wheelchair Basketball,WBK
Athletics,ATH
Boccia,BOC
Shooting,SHO
Badminton,BDM
Judo,JUD
Boccia,BOC
Table Tennis,TTE
Swimming,SWM
Athletics,ATH
Sitting Volleyball,VBS
Wheelchair Basketball,WBK
Badminton,BDM
Athletics,ATH
Swimming,SWM
Swimming,SWM
Powerlifting,PWL
Wheelchair Fencing,WFE
Athletics,ATH
Wheelchair Rugby,WRU
Athletics,ATH
Table Tennis,TTE
Sitting Volleyball,VBS
Goalball,GBL
Swimming,SWM
Swimming,SWM
Swimming,SWM
Swimming,SWM
Athletics,ATH
Swimming,SWM
Taekwondo,TKW
Athletics,ATH
Table Tennis,TTE
Equestrian,EQU
Athletics,ATH
Judo,JUD
Rowing,ROW
Taekwondo,TKW
Athletics,ATH
Rowing,ROW
Wheelchair Tennis,WTE
Athletics,ATH
Wheelchair Basketball,WBK
Wheelchair Basketball,WBK
Football 5-a-side,FB5
Swimming,SWM
Triathlon,TRI
Boccia,BOC
Swimming,SWM
Athletics,ATH
Athletics,ATH
Athletics,ATH
Athletics,ATH
Athletics,ATH
Goalball,GBL
Cycling Road,CRD
Cycling Track,CTR
Swimming,SWM
Canoe Sprint,CSP
Canoe Sprint,CSP
Athletics,ATH
Athletics,ATH
Boccia,BOC
Wheelchair Fencing,WFE
Athletics,ATH
Wheelchair Basketball,WBK
Athletics,ATH
Swimming,SWM
Athletics,ATH
Rowing,ROW
Judo,JUD
Badminton,BDM
Athletics,ATH
Archery,ARC
Shooting,SHO
Sitting Volleyball,VBS
Athletics,ATH
Football 5-a-side,FB5
Football 5-a-side,FB5
Wheelchair Tennis,WTE
Table Tennis,TTE
Football 5-a-side,FB5
Athletics,ATH
Badminton,BDM
Football 5-a-side,FB5
Boccia,BOC
Rowing,ROW
Shooting,SHO
Table Tennis,TTE
Archery,ARC
Sitting Volleyball,VBS
Athletics,ATH
Swimming,SWM
Athletics,ATH
Athletics,ATH
Wheelchair Basketball,WBK
Wheelchair Basketball,WBK
Judo,JUD
Athletics,ATH
Wheelchair Rugby,WRU
Rowing,ROW
Athletics,ATH
Athletics,ATH
Wheelchair Tennis,WTE
Athletics,ATH
Cycling Road,CRD
Cycling Track,CTR
Sitting Volleyball,VBS
Taekwondo,TKW
Sitting Volleyball,VBS
Sitting Volleyball,VBS
Cycling Road,CRD
Cycling Track,CTR
Cycling Road,CRD
Triathlon,TRI
Sitting Volleyball,VBS
Equestrian,EQU
Swimming,SWM
Table Tennis,TTE
Wheelchair Fencing,WFE
Athletics,ATH
Swimming,SWM
Table Tennis,TTE
Swimming,SWM
Wheelchair Basketball,WBK
Wheelchair Rugby,WRU
Wheelchair Basketball,WBK
Swimming,SWM
Athletics,ATH
Equestrian,EQU
Sitting Volleyball,VBS
Wheelchair Tennis,WTE
Powerlifting,PWL
Triathlon,TRI
Athletics,ATH
Equestrian,EQU
Athletics,ATH
Swimming,SWM
Wheelchair Basketball,WBK
Badminton,BDM
Shooting,SHO
Triathlon,TRI
Badminton,BDM
Table Tennis,TTE
Canoe Sprint,CSP
Athletics,ATH
Wheelchair Basketball,WBK
Archery,ARC
Wheelchair Basketball,WBK
Swimming,SWM
Goalball,GBL
Swimming,SWM
Cycling Road,CRD
Equestrian,EQU
Archery,ARC
Cycling Road,CRD
Cycling Track,CTR
Athletics,ATH
Table Tennis,TTE
Shooting,SHO
Wheelchair Tennis,WTE
Swimming,SWM
Athletics,ATH
Cycling Road,CRD
Wheelchair Basketball,WBK
Swimming,SWM
Powerlifting,PWL
Swimming,SWM
Canoe Sprint,CSP
Athletics,ATH
Judo,JUD
Athletics,ATH
Athletics,ATH
Taekwondo,TKW
Swimming,SWM
Wheelchair Fencing,WFE
Table Tennis,TTE
Taekwondo,TKW
Cycling Road,CRD
Cycling Track,CTR
Athletics,ATH
Swimming,SWM
Swimming,SWM
Equestrian,EQU
Judo,JUD
Athletics,ATH
Athletics,ATH
Swimming,SWM
Swimming,SWM
Cycling Road,CRD
Cycling Track,CTR
Wheelchair Tennis,WTE
Swimming,SWM
Shooting,SHO
Swimming,SWM
Shooting,SHO
Swimming,SWM
Equestrian,EQU
Archery,ARC
Badminton,BDM
Swimming,SWM
Rowing,ROW
Judo,JUD
Canoe Sprint,CSP
Sitting Volleyball,VBS
Swimming,SWM
Judo,JUD
Powerlifting,PWL
Athletics,ATH
Sitting Volleyball,VBS
Archery,ARC
Archery,ARC
Athletics,ATH
Table Tennis,TTE
Shooting,SHO
Wheelchair Rugby,WRU
Wheelchair Basketball,WBK
Badminton,BDM
Athletics,ATH
Athletics,ATH
Judo,JUD
Swimming,SWM
Equestrian,EQU
Shooting,SHO
Athletics,ATH
Wheelchair Tennis,WTE
Athletics,ATH
Athletics,ATH
Taekwondo,TKW
Athletics,ATH
Powerlifting,PWL
Cycling Road,CRD
Athletics,ATH
Swimming,SWM
Archery,ARC
Taekwondo,TKW
Athletics,ATH
Athletics,ATH
Swimming,SWM
Table Tennis,TTE
Equestrian,EQU
Swimming,SWM
Wheelchair Tennis,WTE
Shooting,SHO
Wheelchair Rugby,WRU
Table Tennis,TTE
Swimming,SWM
Athletics,ATH
Goalball,GBL
Athletics,ATH
Swimming,SWM
Sitting Volleyball,VBS
Shooting,SHO
Archery,ARC
Shooting,SHO
Archery,ARC
Swimming,SWM
Wheelchair Tennis,WTE
Athletics,ATH
Swimming,SWM
Rowing,ROW
Shooting,SHO
Judo,JUD
Athletics,ATH
Shooting,SHO
Wheelchair Rugby,WRU
Athletics,ATH
Sitting Volleyball,VBS
Athletics,ATH
Athletics,ATH
Athletics,ATH
Judo,JUD
Athletics,ATH
Athletics,ATH
Athletics,ATH
Swimming,SWM
Swimming,SWM
Archery,ARC
Sitting Volleyball,VBS
Athletics,ATH
Goalball,GBL
Boccia,BOC
Swimming,SWM
Rowing,ROW
Wheelchair Rugby,WRU
Athletics,ATH
Swimming,SWM
Shooting,SHO
Wheelchair Rugby,WRU
Swimming,SWM
Swimming,SWM
Athletics,ATH
Equestrian,EQU
Football 5-a-side,FB5
Triathlon,TRI
Boccia,BOC
Athletics,ATH
Swimming,SWM
Athletics,ATH
Taekwondo,TKW
Shooting,SHO
Athletics,ATH
Athletics,ATH
Athletics,ATH
Swimming,SWM
Athletics,ATH
Powerlifting,PWL
Sitting Volleyball,VBS
Powerlifting,PWL
Athletics,ATH
Judo,JUD
Powerlifting,PWL
Swimming,SWM
Boccia,BOC
Athletics,ATH
Swimming,SWM
Football 5-a-side,FB5
Swimming,SWM
Cycling Road,CRD
Athletics,ATH
Athletics,ATH
Athletics,ATH
Swimming,SWM
Swimming,SWM
Powerlifting,PWL
Goalball,GBL
Athletics,ATH
Swimming,SWM
Shooting,SHO
Wheelchair Tennis,WTE
Athletics,ATH
Athletics,ATH
Canoe Sprint,CSP
Badminton,BDM
Table Tennis,TTE
Table Tennis,TTE
Swimming,SWM
Rowing,ROW
Athletics,ATH
Wheelchair Rugby,WRU
Triathlon,TRI
Athletics,ATH
Wheelchair Basketball,WBK
Athletics,ATH
Athletics,ATH
Athletics,ATH
Goalball,GBL
Judo,JUD
Swimming,SWM
Swimming,SWM
Athletics,ATH
Judo,JUD
Athletics,ATH
Shooting,SHO
Wheelchair Basketball,WBK
Swimming,SWM
Wheelchair Basketball,WBK
Cycling Road,CRD
Triathlon,TRI
Shooting,SHO
Athletics,ATH
Cycling Road,CRD
Swimming,SWM
Athletics,ATH
Canoe Sprint,CSP
Cycling Road,CRD
Swimming,SWM
Cycling Road,CRD
Boccia,BOC
Athletics,ATH
Goalball,GBL
Athletics,ATH
Archery,ARC
Equestrian,EQU
Athletics,ATH
Wheelchair Tennis,WTE
Archery,ARC
Archery,ARC
Athletics,ATH
Shooting,SHO
Athletics,ATH
Judo,JUD
Table Tennis,TTE
Canoe Sprint,CSP
Powerlifting,PWL
Wheelchair Tennis,WTE
Boccia,BOC
Badminton,BDM
Cycling Road,CRD
Cycling Track,CTR
Athletics,ATH
Judo,JUD
Archery,ARC
Athletics,ATH
Athletics,ATH
Sitting Volleyball,VBS
Swimming,SWM
Cycling Road,CRD
Wheelchair Fencing,WFE
Athletics,ATH
Equestrian,EQU
Swimming,SWM
Athletics,ATH
Shooting,SHO
Rowing,ROW
Canoe Sprint,CSP
Badminton,BDM
Badminton,BDM
Athletics,ATH
Wheelchair Tennis,WTE
Swimming,SWM
Badminton,BDM
Swimming,SWM
Athletics,ATH
Athletics,ATH
Table Tennis,TTE
Swimming,SWM
Athletics,ATH
Archery,ARC
Swimming,SWM
Canoe Sprint,CSP
Wheelchair Fencing,WFE
Canoe Sprint,CSP
Swimming,SWM
Archery,ARC
Athletics,ATH
Cycling Road,CRD
Table Tennis,TTE
Powerlifting,PWL
Table Tennis,TTE
Swimming,SWM
Boccia,BOC
Wheelchair Basketball,WBK
Goalball,GBL
Athletics,ATH
Swimming,SWM
Athletics,ATH
Athletics,ATH
Canoe Sprint,CSP
Boccia,BOC
Goalball,GBL
Athletics,ATH
Wheelchair Basketball,WBK
Athletics,ATH
Wheelchair Tennis,WTE
Sitting Volleyball,VBS
Equestrian,EQU
Sitting Volleyball,VBS
Table Tennis,TTE
Athletics,ATH
Table Tennis,TTE
Swimming,SWM
Swimming,SWM
Swimming,SWM
Rowing,ROW
Athletics,ATH
Athletics,ATH
Athletics,ATH
Equestrian,EQU
Equestrian,EQU
Wheelchair Fencing,WFE
Powerlifting,PWL
Football 5-a-side,FB5
Boccia,BOC
Sitting Volleyball,VBS
Wheelchair Tennis,WTE
Taekwondo,TKW
Judo,JUD
Sitting Volleyball,VBS
Shooting,SHO
Athletics,ATH
Athletics,ATH
Swimming,SWM
Sitting Volleyball,VBS
Football 5-a-side,FB5
Cycling Road,CRD
Rowing,ROW
Triathlon,TRI
Sitting Volleyball,VBS
Athletics,ATH
Athletics,ATH
Table Tennis,TTE
Triathlon,TRI
Table Tennis,TTE
Shooting,SHO
Rowing,ROW
Swimming,SWM
Athletics,ATH
Powerlifting,PWL
Athletics,ATH
Badminton,BDM
Wheelchair Fencing,WFE
Cycling Road,CRD
Cycling Road,CRD
Badminton,BDM
Judo,JUD
Canoe Sprint,CSP
Rowing,ROW
Wheelchair Fencing,WFE
Athletics,ATH
Canoe Sprint,CSP
Athletics,ATH
Badminton,BDM
Cycling Road,CRD
Cycling Track,CTR
Triathlon,TRI
Goalball,GBL
Sitting Volleyball,VBS
Shooting,SHO
Badminton,BDM
Cycling Road,CRD
Cycling Track,CTR
Athletics,ATH
Athletics,ATH
Athletics,ATH
Powerlifting,PWL
Goalball,GBL
Cycling Road,CRD
Cycling Track,CTR
Athletics,ATH
Athletics,ATH
Cycling Road,CRD
Cycling Track,CTR
Powerlifting,PWL
Football 5-a-side,FB5
Athletics,ATH
Rowing,ROW
Swimming,SWM
Wheelchair Basketball,WBK
Cycling Road,CRD
Cycling Track,CTR
Swimming,SWM
Table Tennis,TTE
Athletics,ATH
Athletics,ATH
Wheelchair Rugby,WRU
Swimming,SWM
Table Tennis,TTE
Wheelchair Basketball,WBK
Shooting,SHO
Wheelchair Fencing,WFE
Table Tennis,TTE
Athletics,ATH
Wheelchair Fencing,WFE
Goalball,GBL
Athletics,ATH
Sitting Volleyball,VBS
Powerlifting,PWL
Athletics,ATH
Athletics,ATH
Cycling Road,CRD
Cycling Track,CTR
Boccia,BOC
Athletics,ATH
Shooting,SHO
Swimming,SWM
Athletics,ATH
Athletics,ATH
Swimming,SWM
Rowing,ROW
Wheelchair Rugby,WRU
Shooting,SHO
Athletics,ATH
Swimming,SWM
Swimming,SWM
Wheelchair Fencing,WFE
Taekwondo,TKW
Goalball,GBL
Table Tennis,TTE
Wheelchair Basketball,WBK
Powerlifting,PWL
Swimming,SWM
Table Tennis,TTE
Sitting Volleyball,VBS
Swimming,SWM
Swimming,SWM
Goalball,GBL
Table Tennis,TTE
Powerlifting,PWL
Wheelchair Basketball,WBK
Wheelchair Basketball,WBK
Powerlifting,PWL
Athletics,ATH
Swimming,SWM
Swimming,SWM
Athletics,ATH
Swimming,SWM
Archery,ARC
Badminton,BDM
Athletics,ATH
Athletics,ATH
Athletics,ATH
Wheelchair Basketball,WBK
Athletics,ATH
Archery,ARC
Table Tennis,TTE
Shooting,SHO
Athletics,ATH
Athletics,ATH
Equestrian,EQU
Swimming,SWM
Wheelchair Fencing,WFE
Wheelchair Fencing,WFE
Swimming,SWM
Swimming,SWM
Swimming,SWM
Cycling Road,CRD
Shooting,SHO
Swimming,SWM
Table Tennis,TTE
Taekwondo,TKW
Equestrian,EQU
Swimming,SWM
Swimming,SWM
Swimming,SWM
Equestrian,EQU
Boccia,BOC
Wheelchair Basketball,WBK
Athletics,ATH
Triathlon,TRI
Judo,JUD
Athletics,ATH
Swimming,SWM
Athletics,ATH
Archery,ARC
Goalball,GBL
Boccia,BOC
Athletics,ATH
Swimming,SWM
Athletics,ATH
Triathlon,TRI
Wheelchair Tennis,WTE
Archery,ARC
Table Tennis,TTE
Swimming,SWM
Wheelchair Basketball,WBK
Athletics,ATH
Archery,ARC
Athletics,ATH
Swimming,SWM
Swimming,SWM
Swimming,SWM
Wheelchair Basketball,WBK
Athletics,ATH
Athletics,ATH
Athletics,ATH
Triathlon,TRI
Archery,ARC
Athletics,ATH
Athletics,ATH
Powerlifting,PWL
Badminton,BDM
Athletics,ATH
Judo,JUD
Powerlifting,PWL
Sitting Volleyball,VBS
Wheelchair Tennis,WTE
Shooting,SHO
Cycling Road,CRD
Cycling Track,CTR
Judo,JUD
Goalball,GBL
Table Tennis,TTE
Athletics,ATH
Athletics,ATH
Shooting,SHO
Judo,JUD
Swimming,SWM
Athletics,ATH
Shooting,SHO
Sitting Volleyball,VBS
Athletics,ATH
Athletics,ATH
Boccia,BOC
Wheelchair Rugby,WRU
Athletics,ATH
Athletics,ATH
Table Tennis,TTE
Wheelchair Fencing,WFE
Athletics,ATH
Judo,JUD
Cycling Road,CRD
Canoe Sprint,CSP
Swimming,SWM
Table Tennis,TTE
Cycling Road,CRD
Boccia,BOC
Equestrian,EQU
Rowing,ROW
Swimming,SWM
Wheelchair Basketball,WBK
Equestrian,EQU
Swimming,SWM
Cycling Road,CRD
Table Tennis,TTE
Athletics,ATH
Cycling Road,CRD
Cycling Track,CTR
Equestrian,EQU
Wheelchair Basketball,WBK
Swimming,SWM
Table Tennis,TTE
Wheelchair Tennis,WTE
Archery,ARC
Archery,ARC
Swimming,SWM
Athletics,ATH
Swimming,SWM
Athletics,ATH
Swimming,SWM
Table Tennis,TTE
Cycling Road,CRD
Wheelchair Tennis,WTE
Goalball,GBL
Goalball,GBL
Goalball,GBL
Athletics,ATH
Triathlon,TRI
Canoe Sprint,CSP
Swimming,SWM
Wheelchair Basketball,WBK
Table Tennis,TTE
Athletics,ATH
Swimming,SWM
Table Tennis,TTE
Wheelchair Fencing,WFE
Athletics,ATH
Athletics,ATH
Rowing,ROW
Athletics,ATH
Swimming,SWM
Wheelchair Basketball,WBK
Equestrian,EQU
Swimming,SWM
Athletics,ATH
Athletics,ATH
Football 5-a-side,FB5
Cycling Road,CRD
Cycling Track,CTR
Wheelchair Tennis,WTE
Athletics,ATH
Swimming,SWM
Swimming,SWM
Wheelchair Rugby,WRU
Wheelchair Fencing,WFE
Canoe Sprint,CSP
Cycling Road,CRD
Wheelchair Basketball,WBK
Athletics,ATH
Triathlon,TRI
Triathlon,TRI
Taekwondo,TKW
Swimming,SWM
Canoe Sprint,CSP
Football 5-a-side,FB5
Athletics,ATH
Swimming,SWM
Judo,JUD
Athletics,ATH
Football 5-a-side,FB5
Swimming,SWM
Swimming,SWM
Equestrian,EQU
Wheelchair Basketball,WBK
Rowing,ROW
Wheelchair Tennis,WTE
Athletics,ATH
Swimming,SWM
Wheelchair Fencing,WFE
Swimming,SWM
Archery,ARC
Wheelchair Basketball,WBK
Equestrian,EQU
Sitting Volleyball,VBS
Cycling Road,CRD
Archery,ARC
Athletics,ATH
Swimming,SWM
Equestrian,EQU
Sitting Volleyball,VBS
Sitting Volleyball,VBS
Sitting Volleyball,VBS
Athletics,ATH
Table Tennis,TTE
Boccia,BOC
Wheelchair Rugby,WRU
Wheelchair Basketball,WBK
Rowing,ROW
Sitting Volleyball,VBS
Cycling Road,CRD
Cycling Track,CTR
Athletics,ATH
Athletics,ATH
Swimming,SWM
Athletics,ATH
Athletics,ATH
Wheelchair Tennis,WTE
Athletics,ATH
Goalball,GBL
Wheelchair Rugby,WRU
Goalball,GBL
Goalball,GBL
Wheelchair Rugby,WRU
Athletics,ATH
Athletics,ATH
Athletics,ATH
Cycling Road,CRD
Athletics,ATH
Athletics,ATH
Badminton,BDM
Canoe Sprint,CSP
Athletics,ATH
Triathlon,TRI
Swimming,SWM
Sitting Volleyball,VBS
Swimming,SWM
Sitting Volleyball,VBS
Table Tennis,TTE
Sitting Volleyball,VBS
Archery,ARC
Cycling Road,CRD
Cycling Track,CTR
Swimming,SWM
Sitting Volleyball,VBS
Athletics,ATH
Athletics,ATH
Judo,JUD
Football 5-a-side,FB5
Wheelchair Tennis,WTE
Table Tennis,TTE
Sitting Volleyball,VBS
Wheelchair Basketball,WBK
Cycling Road,CRD
Wheelchair Rugby,WRU
Shooting,SHO
Powerlifting,PWL
Cycling Road,CRD
Taekwondo,TKW
Swimming,SWM
Athletics,ATH
Swimming,SWM
Sitting Volleyball,VBS
Wheelchair Tennis,WTE
Swimming,SWM
Athletics,ATH
Boccia,BOC
Wheelchair Tennis,WTE
Athletics,ATH
Wheelchair Basketball,WBK
Wheelchair Basketball,WBK
Equestrian,EQU
Athletics,ATH
Cycling Road,CRD
Cycling Track,CTR
Badminton,BDM
Athletics,ATH
Wheelchair Rugby,WRU
Wheelchair Tennis,WTE
Equestrian,EQU
Swimming,SWM
Wheelchair Basketball,WBK
Wheelchair Rugby,WRU
Athletics,ATH
Rowing,ROW
Cycling Road,CRD
Cycling Track,CTR
Powerlifting,PWL
Sitting Volleyball,VBS
Athletics,ATH
Canoe Sprint,CSP
Cycling Road,CRD
Wheelchair Basketball,WBK
Sitting Volleyball,VBS
Wheelchair Basketball,WBK
Athletics,ATH
Athletics,ATH
Equestrian,EQU
Cycling Road,CRD
Table Tennis,TTE
Wheelchair Basketball,WBK
Football 5-a-side,FB5
Athletics,ATH
Athletics,ATH
Table Tennis,TTE
Canoe Sprint,CSP
Sitting Volleyball,VBS
Athletics,ATH
Boccia,BOC
Table Tennis,TTE
Judo,JUD
Canoe Sprint,CSP
Athletics,ATH
Athletics,ATH
Athletics,ATH
Football 5-a-side,FB5
Sitting Volleyball,VBS
Athletics,ATH
Archery,ARC
Cycling Track,CTR
Athletics,ATH
Football 5-a-side,FB5
Athletics,ATH
Powerlifting,PWL
Wheelchair Fencing,WFE
Canoe Sprint,CSP
Table Tennis,TTE
Swimming,SWM
Swimming,SWM
Powerlifting,PWL
Athletics,ATH
Badminton,BDM
Sitting Volleyball,VBS
Sitting Volleyball,VBS
Table Tennis,TTE
Canoe Sprint,CSP
Table Tennis,TTE
Taekwondo,TKW
Athletics,ATH
Shooting,SHO
Swimming,SWM
Swimming,SWM
Swimming,SWM
Goalball,GBL
Athletics,ATH
Athletics,ATH
Athletics,ATH
Badminton,BDM
Powerlifting,PWL
Table Tennis,TTE
Shooting,SHO
Boccia,BOC
Sitting Volleyball,VBS
Wheelchair Basketball,WBK
Cycling Road,CRD
Swimming,SWM
Shooting,SHO
Athletics,ATH
Wheelchair Basketball,WBK
Swimming,SWM
Swimming,SWM
Swimming,SWM
Athletics,ATH
Goalball,GBL
Table Tennis,TTE
Badminton,BDM
Athletics,ATH
Wheelchair Basketball,WBK
Athletics,ATH
Athletics,ATH
Swimming,SWM
Rowing,ROW
Athletics,ATH
Swimming,SWM
Athletics,ATH
Athletics,ATH
Wheelchair Basketball,WBK
Badminton,BDM
Table Tennis,TTE
Powerlifting,PWL
Athletics,ATH
Canoe Sprint,CSP
Boccia,BOC
Table Tennis,TTE
Goalball,GBL
Badminton,BDM
Football 5-a-side,FB5
Swimming,SWM
Triathlon,TRI
Athletics,ATH
Table Tennis,TTE
Cycling Road,CRD
Archery,ARC
Equestrian,EQU
Sitting Volleyball,VBS
Football 5-a-side,FB5
Wheelchair Basketball,WBK
Goalball,GBL
Swimming,SWM
Athletics,ATH
Athletics,ATH
Table Tennis,TTE
Wheelchair Fencing,WFE
Goalball,GBL
Canoe Sprint,CSP
Football 5-a-side,FB5
Shooting,SHO
,SWM
Swimming,SWM
Powerlifting,PWL
Wheelchair Fencing,WFE
Powerlifting,PWL
Judo,JUD
Athletics,ATH
Wheelchair Fencing,WFE
Athletics,ATH
Athletics,ATH
Wheelchair Basketball,WBK
Wheelchair Basketball,WBK
Athletics,ATH
Wheelchair Basketball,WBK
Judo,JUD
Athletics,ATH
Archery,ARC
Shooting,SHO
Shooting,SHO
Athletics,ATH
Wheelchair Basketball,WBK
Wheelchair Basketball,WBK
Swimming,SWM
Table Tennis,TTE
Equestrian,EQU
Sitting Volleyball,VBS
Equestrian,EQU
Table Tennis,TTE
Cycling Road,CRD
Cycling Track,CTR
Cycling Road,CRD
Shooting,SHO
Athletics,ATH
Table Tennis,TTE
Table Tennis,TTE
Shooting,SHO
Football 5-a-side,FB5
Badminton,BDM
Swimming,SWM
Athletics,ATH
Sitting Volleyball,VBS
Swimming,SWM
Table Tennis,TTE
Boccia,BOC
Archery,ARC
Wheelchair Basketball,WBK
Goalball,GBL
Goalball,GBL
Wheelchair Basketball,WBK
Sitting Volleyball,VBS
Table Tennis,TTE
Athletics,ATH
Athletics,ATH
Sitting Volleyball,VBS
Athletics,ATH
Athletics,ATH
Archery,ARC
Sitting Volleyball,VBS
Sitting Volleyball,VBS
Table Tennis,TTE
Table Tennis,TTE
Table Tennis,TTE
Table Tennis,TTE
Athletics,ATH
Swimming,SWM
Powerlifting,PWL
Swimming,SWM
Boccia,BOC
Athletics,ATH
Sitting Volleyball,VBS
Athletics,ATH
Archery,ARC
Wheelchair Fencing,WFE
Athletics,ATH
Athletics,ATH
Swimming,SWM
Table Tennis,TTE
Athletics,ATH
Athletics,ATH
Football 5-a-side,FB5
Wheelchair Tennis,WTE
Rowing,ROW
Shooting,SHO
Swimming,SWM
Goalball,GBL
Swimming,SWM
Archery,ARC
Goalball,GBL
Wheelchair Basketball,WBK
Powerlifting,PWL
Swimming,SWM
Sitting Volleyball,VBS
Swimming,SWM
Athletics,ATH
Swimming,SWM
Athletics,ATH
Athletics,ATH
Swimming,SWM
Athletics,ATH
Athletics,ATH
Athletics,ATH
Swimming,SWM
Wheelchair Basketball,WBK
Swimming,SWM
Swimming,SWM
Swimming,SWM
Sitting Volleyball,VBS
Archery,ARC
Judo,JUD
Wheelchair Basketball,WBK
Athletics,ATH
Triathlon,TRI
Table Tennis,TTE
